time_stamp,robot_x,robot_y,robot_yaw,selected_goal_x,selected_goal_y,final_goal_x,final_goal_y,linear_vel,angular_vel,actual_linear_vel,actual_angular_vel
8.985,3.26927e-06,6.17927e-22,4.44089e-16,1.5233,0.0589933,2.48313,0.077269,0.6,0,0,0
9.021,2.71593e-06,4.27611e-22,4.44089e-16,1.5233,0.0589933,2.48313,0.077269,0.6,0,0.6,0
9.045,3.1571e-06,4.51786e-22,4.44089e-16,1.5233,0.0589933,2.48313,0.077269,0.6,0,0.6,0
9.066,0.00566183,5.46994e-16,1.05724e-11,1.51764,0.0589933,2.47747,0.077269,0.6,0,0.6,0
9.087,0.0162027,-1.13639e-09,1.12559e-05,1.5221,0.0592751,2.48193,0.0775217,0.6,0,0.6,0
9.123,0.0285617,4.13996e-09,4.13321e-05,1.50974,0.0592298,2.48457,0.0777257,0.6,0,0.6,0
9.147,0.0547118,1.325e-07,0.000144919,1.49859,0.059372,2.48842,0.078027,0.6,0,0.6,0
9.171,0.0679164,2.77953e-07,0.000186295,1.50039,0.0596066,2.47522,0.0779264,0.6,0,0.6,0
9.189,0.081132,4.60492e-07,0.000209025,1.50217,0.0598672,2.477,0.0781502,0.6,0,0.6,0
9.213,0.0943589,6.39596e-07,0.000214875,1.50394,0.0601549,2.47877,0.0784139,0.6,0,0.6,0
9.246,0.107588,7.66027e-07,0.000208944,1.52071,0.0607489,2.48054,0.0787087,0.6,0,0.6,0
9.267,0.122457,1.1818e-06,0.000202138,1.52084,0.0609149,2.48067,0.0789966,0.6,0,0.6,0
9.306,0.133995,9.04499e-07,0.000174471,1.5243,0.0612556,2.48413,0.0793455,0.6,0,0.6,0
9.342,0.159771,7.88617e-07,0.000132221,1.51351,0.0616186,2.48834,0.0800095,0.6,0,0.6,0
9.366,0.185143,6.16922e-07,9.23411e-05,1.50314,0.0619772,2.47796,0.0803886,0.6,0,0.6,0
9.39,0.19777,5.22489e-07,7.57632e-05,1.50551,0.0622973,2.48033,0.0807102,0.6,0,0.6,0
9.426,0.219331,9.86653e-07,6.80525e-05,1.49894,0.062606,2.47377,0.0810081,0.6,0,0.6,0
9.444,0.235595,2.91887e-07,3.93926e-05,1.52767,0.0635306,2.4875,0.0816385,0.6,0,0.6,0
9.492,0.260804,1.87932e-07,2.46181e-05,1.51745,0.0638451,2.47728,0.0819562,0.6,0,0.6,0
9.519,0.278806,2.53356e-07,2.03274e-05,1.51445,0.064145,2.47428,0.0822456,0.6,0,0.6,0
9.54,0.286014,1.17665e-07,1.51092e-05,1.52224,0.0644446,2.48207,0.0825374,0.6,0,0.6,0
9.573,0.314817,1.05176e-07,9.42798e-06,1.50844,0.0645545,2.48326,0.0831017,0.6,0,0.6,0
9.603,0.323818,5.62961e-08,7.08592e-06,1.49943,0.0645582,2.47426,0.0831076,0.6,0,0.6,0
9.642,0.349018,3.39538e-08,4.22467e-06,1.50423,0.0651585,2.47905,0.0836741,0.6,0,0.6,0
9.684,0.374217,2.02939e-08,2.50621e-06,1.50902,0.0657534,2.48385,0.0842377,0.6,0,0.6,0
9.735,0.386817,1.56645e-08,1.92438e-06,1.51142,0.0660514,2.48625,0.084518,0.6,0,0.6,0
9.768,0.412016,9.29724e-09,1.13504e-06,1.51622,0.0666412,2.47604,0.0848006,0.6,0,0.6,0
9.78,0.437218,5.47918e-09,6.61482e-07,1.52101,0.067227,2.48084,0.0853611,0.6,0,0.6,0
9.813,0.44982,4.18487e-09,5.04014e-07,1.5234,0.0675206,2.48323,0.0856403,0.6,0,0.6,0
9.828,0.462422,3.1917e-09,3.82924e-07,1.5258,0.0678124,2.48563,0.0859194,0.6,0,0.6,0
9.84,0.475022,2.42523e-09,2.90681e-07,1.5132,0.0678126,2.48803,0.0862002,0.6,0,0.6,0
9.876,0.494828,3.42329e-09,2.31006e-07,1.50839,0.0681024,2.48322,0.0864791,0.6,0,0.6,0
9.9,0.500223,1.39614e-09,1.66951e-07,1.50847,0.0380159,2.48329,0.0565666,0.6,0,0.6,0
9.954,0.525423,7.9923e-10,9.55639e-08,1.51326,0.038612,2.48808,0.0571262,0.6,0,0.6,0
9.999,0.550623,4.56168e-10,5.45753e-08,1.50306,0.0389092,2.47788,0.057405,0.6,0,0.6,0
10.032,0.575823,2.59443e-10,3.11358e-08,1.50785,0.0394997,2.48268,0.0579645,0.6,0,0.6,0
10.059,0.602824,1.78019e-10,1.79465e-08,1.51084,0.0400884,2.48567,0.0585239,0.6,0,0.6,0
10.08,0.613623,1.10498e-10,1.34121e-08,1.50005,0.0400884,2.47487,0.0585239,0.6,0,0.6,0
10.101,0.628025,1.00141e-10,1.0244e-08,1.50064,0.0403818,2.47547,0.0588045,0.6,0,0.6,0
10.137,0.638824,6.21071e-11,7.64993e-09,1.51984,0.0409669,2.47966,0.0590833,0.6,0,0.6,0
10.164,0.664024,3.43097e-11,4.37723e-09,1.52463,0.0415482,2.48446,0.0596427,0.6,0,0.6,0
10.182,0.676623,2.54317e-11,3.30116e-09,1.51203,0.0413615,2.48686,0.0599123,0.6,0,0.6,0
10.2,0.689223,1.86227e-11,2.48882e-09,1.49943,0.0413615,2.48926,0.0601911,0.6,0,0.6,0
10.248,0.701824,1.34698e-11,1.87588e-09,1.50183,0.0416604,2.47665,0.0601911,0.6,0,0.6,0
10.284,0.727024,6.79148e-12,1.06178e-09,1.50662,0.0422546,2.48145,0.0607505,0.6,0,0.6,0
10.308,0.752223,3.02862e-12,6.0031e-10,1.51142,0.0428451,2.48624,0.0613099,0.6,0,0.6,0
10.341,0.764823,1.83075e-12,4.51224e-10,1.49882,0.0428451,2.48864,0.0615905,0.6,0,0.6,0
10.374,0.777424,9.33379e-13,3.39197e-10,1.50122,0.0431404,2.47604,0.0615905,0.6,0,0.6,0
10.398,0.802624,5.14978e-14,2.02375e-10,1.50601,0.0437272,2.48084,0.0621499,0.6,0,0.6,0
10.428,0.815223,-9.27111e-14,1.61852e-10,1.52341,0.0443122,2.48324,0.0624287,0.6,0,0.6,0
10.455,0.840423,-1.27424e-13,1.01533e-10,1.5282,0.0448936,2.48803,0.0629881,0.6,0,0.6,0
10.497,0.853024,-2.89016e-14,8.20295e-11,1.52141,0.0455104,2.4812,0.0653504,0.6,0,0.6,0
10.524,0.867425,-6.50696e-13,6.95475e-11,1.51012,0.0528011,2.48491,0.0733168,0.6,0,0.6,0
10.56,0.903432,-6.88685e-12,5.24203e-11,1.50411,0.0534573,2.47889,0.0739382,0.6,0,0.6,0
10.602,0.916024,7.30574e-13,3.80527e-11,1.50651,0.0537845,2.4813,0.0742471,0.6,0,0.6,0
10.626,0.941224,1.44254e-12,3.20464e-11,1.5113,0.054437,2.48609,0.0748667,0.6,0,0.6,0
10.662,0.953823,1.76072e-12,2.96203e-11,1.49871,0.054437,2.48849,0.0751773,0.6,0,0.6,0
10.692,0.979023,2.49312e-12,2.69367e-11,1.5035,0.0550859,2.47829,0.0754862,0.6,0,0.6,0
10.755,0.998829,-4.71474e-13,2.63269e-11,1.49869,0.0554094,2.48847,0.0761058,0.6,0,0.6,0
10.761,1.02942,3.81175e-12,2.42899e-11,1.52808,0.0566998,2.48787,0.0767253,0.6,0,0.6,0
10.824,1.04743,1.92213e-12,2.40719e-11,1.55507,0.0576593,2.48487,0.0770342,0.6,0,0.6,0
10.857,1.06722,4.74095e-12,2.35074e-11,1.56527,0.0581086,2.48007,0.0773321,0.6,0,0.6,0
10.893,1.09242,5.30518e-12,2.32085e-11,1.60005,0.05941,2.48486,0.0779517,0.6,0,0.6,0
10.914,1.11762,5.84593e-12,2.30371e-11,1.62323,0.0557065,2.4782,0.0633311,0.6,0,0.6,0
10.953,1.13202,5.53729e-12,2.29723e-11,1.63883,0.0559914,2.47879,0.0634616,0.6,0,0.6,0
10.968,1.14282,6.4122e-12,2.29261e-11,1.64303,0.0561329,2.48299,0.0635903,0.6,0,0.6,0
11.001,1.15542,6.62098e-12,2.28901e-11,1.66043,0.0564122,2.48539,0.0637208,0.6,0,0.6,0
11.04,1.18062,7.25792e-12,2.28386e-11,1.68022,0.0568294,2.47519,0.0638495,0.6,0,0.6,0
11.055,1.20582,7.93736e-12,2.27982e-11,1.71502,0.0573808,2.47999,0.0641087,0.6,0,0.6,0
11.088,1.20582,7.93736e-12,2.27982e-11,1.71502,0.0573808,2.47999,0.0641087,0.6,0,0.6,0
11.121,1.24003,5.29333e-12,2.27658e-11,1.74081,0.0579248,2.47578,0.0643679,0.6,0,0.6,0
11.16,1.25622,9.3181e-12,2.274e-11,1.76987,0.0282571,2.47485,0.0344885,0.6,0,0.6,0
11.181,1.26882,9.64155e-12,2.27289e-11,1.77227,0.0283949,2.47725,0.034619,0.6,0,0.6,0
11.223,1.29402,1.02619e-11,2.27116e-11,1.80707,0.0289408,2.48204,0.0348783,0.6,0,0.6,0
11.262,1.31922,1.0872e-11,2.27027e-11,1.82687,0.0293488,2.48684,0.0351375,0.6,0,0.6,0
11.289,1.34442,1.14394e-11,2.26987e-11,1.84667,0.0297532,2.47664,0.035268,0.6,0,0.6,0
11.322,1.34803,1.04599e-11,2.26965e-11,1.8593,0.0320707,2.48927,0.0380395,0.6,0,0.6,0
11.361,1.38402,1.18272e-11,2.2697e-11,1.89494,0.0538968,2.47986,0.0634815,0.6,0,0.6,0
11.4,1.40743,8.18701e-12,2.26907e-11,1.91653,0.0546403,2.48645,0.0639686,0.6,0,0.6,0
11.451,1.42002,1.30453e-11,2.27036e-11,1.91893,0.0548875,2.48886,0.064214,0.6,0,0.6,0
11.481,1.44522,1.37396e-11,2.27041e-11,1.95372,0.0558764,2.47865,0.0644576,0.6,0,0.6,0
11.508,1.45782,1.40572e-11,2.27036e-11,1.95612,0.0561236,2.48105,0.0647011,0.6,0,0.6,0
11.526,1.48302,1.47405e-11,2.26974e-11,1.99092,0.0570594,2.48585,0.0651791,0.6,0,0.6,0
11.568,1.49562,1.50537e-11,2.26934e-11,1.99331,0.0573066,2.48825,0.0654245,0.6,0,0.6,0
11.604,1.52082,1.56956e-11,2.26867e-11,0.963279,0.0390788,2.47805,0.0656681,0.6,0,0.6,0
11.622,1.54602,1.63039e-11,2.26801e-11,0.953077,0.0394121,2.48284,0.066157,0.6,0,0.6,0
11.661,1.56403,1.53752e-11,2.26779e-11,0.935072,0.0394121,2.47984,0.0664024,0.6,0,0.6,0
11.694,1.58382,1.71838e-11,2.26748e-11,0.90028,0.0390788,2.47504,0.066646,0.6,0,0.6,0
11.721,1.59642,1.74722e-11,2.26752e-11,0.887679,0.0390788,2.47744,0.0668914,0.6,0,0.6,0
11.751,1.62162,1.80255e-11,2.26748e-11,0.873052,0.0541363,2.47775,0.0852849,0.6,0,0.6,0
11.79,1.63422,1.83031e-11,2.26765e-11,0.860452,0.0541363,2.48015,0.0855574,0.6,0,0.6,0
11.82,1.64682,1.85934e-11,2.26779e-11,0.862847,0.0544984,2.48254,0.0858317,0.6,0,0.6,0
11.838,1.67202,1.91016e-11,2.26801e-11,0.813542,0.0223817,2.47819,0.0561963,0.6,0,0.6,0
11.874,1.67202,1.91016e-11,2.26801e-11,0.813542,0.0223817,2.47819,0.0561963,0.6,0,0.6,0
11.904,1.69722,1.97667e-11,2.26827e-11,0.803335,0.0228207,2.48299,0.0567431,0.6,0,0.6,0
11.937,1.72242,2.04145e-11,2.26779e-11,0.79313,0.0232488,2.48778,0.0572898,0.6,0,0.6,0
11.961,1.73502,2.07333e-11,2.26765e-11,0.750542,0.0223817,2.47518,0.0572898,0.584793,0.0504885,0.6,0
11.988,1.76022,2.13572e-11,2.2669e-11,0.740335,0.0228207,2.47998,0.0578366,0.579266,0.0688384,0.584793,0.0504885
12.021,1.77282,2.16646e-11,2.26645e-11,0.727736,0.0228207,2.48238,0.058109,0.575679,0.0807486,0.579266,0.0688384
12.045,1.79782,5.52435e-06,0.000422606,0.717745,0.02294,2.4874,0.0575991,0.574901,0.0833284,0.575679,0.0807486
12.081,1.81005,2.44789e-05,0.00141002,0.675548,0.0214047,2.47522,0.0551412,0.571523,0.0580008,0.574901,0.0833284
12.093,1.83426,0.000121719,0.0046161,0.666396,0.0196231,2.48117,0.047628,0.563902,0.0575663,0.571523,0.0580008
12.162,1.84632,0.000203027,0.00649803,0.654367,0.018366,2.48419,0.0431306,0.553841,0.0542679,0.563902,0.0575663
12.183,1.88205,0.000545622,0.0111318,0.623204,-0.0276211,2.48309,-0.046321,0.528094,-0.152871,0.553841,0.0542679
12.216,1.88379,0.000565055,0.011314,0.606454,-0.0278693,2.48133,-0.0467731,0.514595,-0.150069,0.528094,-0.152871
12.249,1.89386,0.000687518,0.0124292,0.611356,-0.0284247,2.48621,-0.0497583,0.51871,-0.151568,0.514595,-0.150069
12.285,1.9279,0.00109082,0.0110911,0.577349,-0.0276324,2.48223,-0.0468598,0.490328,-0.150634,0.51871,-0.151568
12.321,1.93877,0.00115865,0.00772129,0.566571,-0.0256706,2.4865,-0.0386306,0.481285,-0.142887,0.490328,-0.150634
12.342,1.96036,0.00117583,0.000165327,0.530158,-0.0217047,2.48013,-0.0198919,0.450756,-0.12759,0.481285,-0.142887
12.375,1.97081,0.00113154,-0.00359511,0.534784,-0.0193456,2.48474,-0.0105407,0.454534,-0.117222,0.450756,-0.12759
12.414,1.99121,0.000947673,-0.0107828,0.514503,-0.0155375,2.47934,0.00741033,0.437476,-0.10059,0.454534,-0.117222
12.444,2.00085,0.000818261,-0.0140075,0.519902,-0.0133838,2.48467,0.0155742,0.441911,-0.0915228,0.437476,-0.10059
12.483,2.0198,0.000492135,-0.0195512,0.516003,-0.00998651,2.48059,0.0295628,0.438573,-0.0763878,0.441911,-0.0915228
12.507,2.03823,9.4152e-05,-0.0239965,0.52181,0.0184413,2.48604,0.0710606,0.44371,0.0658658,0.438573,-0.0763878
12.561,2.04743,-0.000130318,-0.0258935,0.512574,0.0194174,2.4767,0.0757627,0.435976,0.0681113,0.44371,0.0658658
12.582,2.06584,-0.000618094,-0.0281799,0.519606,-0.01257,2.48438,0.0137573,0.441011,-0.0973313,0.435976,0.0681113
12.606,2.08434,-0.00107725,-0.0256391,0.514934,-0.0215912,2.47985,-0.00860833,0.437434,-0.138001,0.441011,-0.0973313
12.63,2.0857,-0.0011121,-0.0255201,0.513572,-0.0216524,2.47849,-0.00890332,0.436414,-0.137756,0.437434,-0.138001
12.654,2.0935,-0.00128161,-0.0237811,0.520725,-0.0220964,2.48567,-0.0132221,0.442415,-0.140048,0.436414,-0.137756
12.684,2.11186,-0.00170529,-0.0242136,0.517356,-0.0214555,2.4823,-0.0121561,0.439593,-0.135809,0.442415,-0.140048
12.714,2.12102,-0.00195252,-0.0268791,0.52325,-0.0196204,2.48817,-0.00548453,0.444446,-0.128611,0.439593,-0.135809
12.741,2.13016,-0.00223049,-0.0300145,0.514158,-0.0179764,2.47902,0.00232009,0.436783,-0.119926,0.444446,-0.128611
12.78,2.14865,-0.00288154,-0.0366326,0.510753,-0.0140282,2.47545,0.018898,0.433834,-0.102887,0.436783,-0.119926
12.822,2.16716,-0.00363986,-0.0427296,0.522276,-0.00968302,2.48676,0.0345387,0.443349,-0.0862738,0.433834,-0.102887
12.84,2.19071,-0.00473346,-0.0493497,0.513136,0.0201706,2.47712,0.0813009,0.436539,0.0659654,0.443349,-0.0862738
12.87,2.19456,-0.00493014,-0.0502888,0.509258,0.0206552,2.48818,0.0840347,0.433223,0.0662064,0.436539,0.0659654
12.903,2.20366,-0.00539793,-0.0524817,0.515066,0.0227555,2.47888,0.0894805,0.43814,0.074353,0.433223,0.0662064
12.942,2.22207,-0.00638494,-0.0549265,0.511537,0.0249888,2.47521,0.0959899,0.43529,0.0860189,0.43814,0.074353
12.978,2.24028,-0.00733035,-0.0524506,0.52331,0.0255266,2.48719,0.0907234,0.445117,0.086429,0.43529,0.0860189
13.02,2.2586,-0.00821933,-0.0486206,0.510422,-0.00167486,2.47498,0.0375634,0.433197,-0.0468006,0.445117,0.086429
13.053,2.26906,-0.00870021,-0.0463627,0.514937,-0.00215008,2.47959,0.0321674,0.437262,-0.048456,0.433197,-0.0468006
13.095,2.27702,-0.00904804,-0.0444815,0.521949,-0.00249787,2.48668,0.0276659,0.443127,-0.0503477,0.437262,-0.048456
13.14,2.29552,-0.00982513,-0.0411991,0.51841,-0.00365322,2.48324,0.0196367,0.440206,-0.0530611,0.443127,-0.0503477
13.167,2.32302,-0.011019,-0.0438884,0.520872,-0.00117837,2.48565,0.0266211,0.442281,-0.0421945,0.440206,-0.0530611
13.206,2.33231,-0.0114462,-0.0452429,0.519367,0.02615,2.48401,0.0600814,0.441901,0.0969275,0.442281,-0.0421945
13.239,2.35087,-0.0123315,-0.0478937,0.515695,0.0283145,2.48026,0.0668826,0.438906,0.105312,0.441901,0.0969275
13.257,2.36014,-0.0127886,-0.0490922,0.521353,0.0297147,2.48589,0.0700937,0.443679,0.110431,0.438906,0.105312
13.281,2.36942,-0.0132542,-0.050165,0.512032,0.0302737,2.47652,0.0727603,0.435947,0.115352,0.443679,0.110431
13.317,2.38792,-0.014159,-0.0483202,0.523527,0.0307604,2.48812,0.0686544,0.445535,0.115736,0.435947,0.115352
13.341,2.40652,-0.014981,-0.0434452,0.520049,0.0288098,2.48482,0.0566923,0.442542,0.109074,0.445535,0.115736
13.365,2.41572,-0.0153532,-0.040733,0.510911,0.0273962,2.47575,0.0499497,0.434868,0.105463,0.442542,0.109074
13.407,2.42502,-0.0157054,-0.0379885,0.516677,0.0264791,2.48157,0.0432244,0.439626,0.101144,0.434868,0.105463
13.452,2.4436,-0.0163441,-0.0327888,0.513207,0.0241965,2.47817,0.0303438,0.436639,0.0925634,0.439626,0.101144
13.497,2.45411,-0.0166684,-0.0300275,0.51577,0.0204403,2.48074,0.0172848,0.438651,0.0745721,0.436639,0.0925634
13.518,2.47121,-0.0171398,-0.0257956,0.509761,-0.0067154,2.48921,-0.0525848,0.43296,-0.0608736,0.438651,0.0745721
13.557,2.4804,-0.0173663,-0.0236781,0.500489,-0.0134258,2.4799,-0.0578577,0.425417,-0.0932,0.43296,-0.0608736
13.581,2.49876,-0.0177656,-0.0198845,0.512066,-0.0149619,2.47629,-0.0677131,0.435206,-0.100299,0.425417,-0.0932
13.605,2.51709,-0.0181163,-0.0178938,0.523701,-0.0158658,2.4878,-0.0736423,0.444931,-0.10405,0.435206,-0.100299
13.641,2.52609,-0.0182985,-0.019058,0.514725,-0.0152453,2.47889,-0.0707353,0.437427,-0.0998625,0.444931,-0.10405
13.683,2.54427,-0.0187291,-0.023661,0.511606,-0.012803,2.476,-0.0597475,0.434757,-0.0894699,0.437427,-0.0998625
13.71,2.56667,-0.0193662,-0.0296756,0.519261,-0.0095162,2.48389,-0.0455513,0.441049,-0.076572,0.434757,-0.0894699
13.734,2.57193,-0.0195434,-0.0313168,0.514009,-0.00865166,2.4787,-0.0414624,0.436628,-0.0716984,0.441049,-0.076572
13.773,2.59026,-0.0201793,-0.0359416,0.510704,-0.00612335,2.47552,-0.0302633,0.433831,-0.0605419,0.436628,-0.0716984
13.797,2.59947,-0.0205241,-0.0379157,0.516496,-0.004949,2.48136,-0.0255909,0.438629,-0.0569756,0.433831,-0.0605419
13.827,2.61783,-0.0212535,-0.0412139,0.513134,-0.00306919,2.47806,-0.0175966,0.435805,-0.0474808,0.438629,-0.0569756
13.881,2.62827,-0.0216908,-0.0428465,0.517688,-0.00204272,2.48263,-0.0136974,0.439583,-0.0444317,0.435805,-0.0474808
13.902,2.6453,-0.0224342,-0.0449993,0.900306,-0.467246,2.29903,-0.952746,0.111745,-1.62103,0.439583,-0.0444317
13.938,2.65444,-0.0228465,-0.0459767,0.905155,-0.472814,2.29081,-0.950507,0.224338,-1.24722,0.111745,-1.62103
13.962,2.66358,-0.0232678,-0.0469034,0.909992,-0.478414,2.29748,-0.949701,0.207392,-1.30348,0.224338,-1.24722
13.992,2.67759,-0.0239502,-0.0518379,0.884731,-0.467599,2.30304,-0.93981,0.206355,-1.30692,0.207392,-1.30348
14.037,2.68051,-0.024154,-0.0619089,0.886468,-0.458642,2.30946,-0.916546,0.212355,-1.287,0.206355,-1.30692
14.061,2.68822,-0.024988,-0.0996612,0.824836,-0.403905,2.33265,-0.839158,0.228911,-1.23203,0.212355,-1.287
14.091,2.69627,-0.0262238,-0.147603,0.762397,-0.358164,2.373,-0.754285,0.233094,-1.15032,0.228911,-1.23203
14.106,2.70027,-0.0269687,-0.173062,0.710274,-0.319626,2.38736,-0.69359,0.233094,-0.991423,0.233094,-1.15032
14.142,2.70435,-0.0278114,-0.198114,0.656564,-0.284021,2.39983,-0.633546,0,0,0.233094,-0.991423
14.16,2.71318,-0.0299022,-0.24458,0.545001,-0.218989,2.43257,-0.520914,0,0,0,0
14.202,2.71778,-0.0311249,-0.266582,0.54154,-0.161554,2.42533,-0.501345,0,0,0,0
14.235,2.71938,-0.0315801,-0.284143,0.513976,-0.143129,2.44676,-0.455536,0,0,0,0
14.262,2.71975,-0.0317209,-0.287319,0.514033,-0.141466,2.4478,-0.447733,0,0,0,0
14.298,2.71948,-0.0316437,-0.283142,0.513717,-0.143611,2.44618,-0.457953,0,0,0,0
14.34,2.71984,-0.0317467,-0.28315,0.513349,-0.143607,2.44582,-0.457932,0,0,0,0
14.361,2.71896,-0.031488,-0.280469,0.52819,-0.149481,2.4455,-0.464492,0,0,0,0
14.388,2.71948,-0.031637,-0.28006,0.527588,-0.149698,2.44477,-0.465494,0,0,0,0
14.415,2.71843,-0.031336,-0.279759,0.528631,-0.149857,2.44571,-0.466232,0,0,0,0
14.451,2.71822,-0.0312743,-0.27955,0.500211,-0.140947,2.44584,-0.466742,0,0,0,0
14.49,2.71804,-0.0312231,-0.279295,0.514663,-0.145593,2.43123,-0.470451,0,0,0,0
14.52,2.71794,-0.0311941,-0.279169,0.51475,-0.145658,2.43127,-0.470756,0,0,0,0
14.541,2.71792,-0.0311891,-0.279107,0.516785,-0.231625,2.42838,-0.504126,0,0,0,0
14.568,2.71792,-0.0311884,-0.279089,0.516783,-0.231634,2.42838,-0.50417,0,0,0,0
14.601,2.71792,-0.0311879,-0.279077,0.516782,-0.231641,2.42837,-0.504201,0,0,0,0
14.622,2.71792,-0.0311879,-0.279068,0.51678,-0.231645,2.42837,-0.504222,0,0,0,0
14.664,2.71792,-0.0311874,-0.279057,0.523881,-0.24767,2.43661,-0.506298,0,0,0,0
14.691,2.71792,-0.0311874,-0.279054,0.523879,-0.247671,2.43661,-0.506305,0,0,0,0
14.721,2.71792,-0.0311875,-0.279051,0.523878,-0.247673,2.4366,-0.506314,0,0,0,0
14.751,2.71792,-0.0311877,-0.27905,0.523877,-0.247674,2.4366,-0.506317,0,0,0,0
14.784,2.71792,-0.0311876,-0.279048,0.523878,-0.247674,2.4366,-0.50632,0,0,0,0
14.82,2.71792,-0.0311875,-0.279048,0.523878,-0.247675,2.4366,-0.506321,0,0,0,0
14.88,2.71792,-0.0311876,-0.279047,0.523877,-0.247675,2.4366,-0.506322,0,0,0,0
14.919,2.71792,-0.0311877,-0.279047,0.523877,-0.247675,2.4366,-0.506322,0,0,0,0
14.958,2.71792,-0.0311876,-0.279047,0.487482,-0.306018,2.43573,-0.506156,0,0,0,0
14.997,2.71792,-0.0311877,-0.279047,0.487481,-0.306018,2.43573,-0.506156,0,0,0,0
15.048,2.71792,-0.0311875,-0.279047,0.487482,-0.306018,2.43573,-0.506156,0,0,0,0
15.09,2.71792,-0.0311875,-0.279047,0.487482,-0.306018,2.43573,-0.506156,0,0,0,0
15.12,2.71792,-0.0311876,-0.279047,0.487482,-0.306018,2.43573,-0.506156,0,0,0,0
15.147,2.71792,-0.0311874,-0.279047,0.49982,-0.316103,2.43487,-0.511341,0,0,0,0
15.18,2.71792,-0.0311875,-0.279047,0.532931,-0.361675,2.41258,-0.562249,0,0,0,0
15.222,2.71792,-0.0311875,-0.279047,0.545425,-0.370735,2.41213,-0.564817,0,0,0,0
15.252,2.71792,-0.0311876,-0.279047,0.545424,-0.370735,2.41213,-0.564817,0,0,0,0
15.282,2.71792,-0.0311875,-0.279047,0.545425,-0.370735,2.41213,-0.564817,0,0,0,0
15.309,2.71792,-0.0311874,-0.279047,0.508006,-0.362264,2.42622,-0.550204,0,0,0,0
15.33,2.71792,-0.0311877,-0.279047,0.508005,-0.362264,2.42622,-0.550204,0,0,0,0
15.372,2.71792,-0.0311876,-0.279047,0.508006,-0.362264,2.42622,-0.550204,0,0,0,0
15.39,2.71792,-0.0311875,-0.279047,0.508006,-0.362264,2.42622,-0.550204,0,0,0,0
15.42,2.71792,-0.0311876,-0.279047,0.508006,-0.362264,2.42622,-0.550204,0,0,0,0
15.456,2.71792,-0.0311877,-0.279047,0.508005,-0.362264,2.42622,-0.550204,0,0,0,0
15.48,2.71792,-0.0311876,-0.279047,0.508006,-0.362264,2.42622,-0.550204,0,0,0,0
15.51,2.71792,-0.0311875,-0.279047,0.508006,-0.362264,2.42622,-0.550204,0,0,0,0
15.543,2.71792,-0.0311875,-0.279047,0.508006,-0.362264,2.42622,-0.550204,0,0,0,0
15.561,2.71792,-0.0311875,-0.279047,0.508006,-0.362264,2.42622,-0.550204,0,0,0,0
15.582,2.71792,-0.0311876,-0.279047,0.508005,-0.362264,2.42622,-0.550204,0,0,0,0
15.627,2.71792,-0.0311876,-0.279047,0.508006,-0.362264,2.42622,-0.550204,0,0,0,0
15.66,2.71792,-0.0311875,-0.279047,0.524742,-0.330757,2.41874,-0.542992,0,0,0,0
15.687,2.71792,-0.0311876,-0.279047,0.524742,-0.330757,2.41874,-0.542992,0,0,0,0
15.72,2.71792,-0.0311876,-0.279047,0.524742,-0.330757,2.41874,-0.542992,0,0,0,0
15.762,2.71792,-0.0311875,-0.279047,0.524742,-0.330757,2.41874,-0.542992,0,0,0,0
15.765,2.71792,-0.0311874,-0.279047,0.524743,-0.330757,2.41874,-0.542992,0,0,0,0
15.789,2.71792,-0.0311874,-0.279047,0.524743,-0.330757,2.41874,-0.542992,0,0,0,0
15.831,2.71792,-0.0311877,-0.279047,0.524742,-0.330757,2.41874,-0.542992,0,0,0,0
15.867,2.71792,-0.0311877,-0.279047,0.524742,-0.330757,2.41874,-0.542992,0,0,0,0
15.882,2.71792,-0.0311873,-0.279047,0.524743,-0.330757,2.41875,-0.542992,0,0,0,0
15.921,2.71792,-0.0311875,-0.279047,0.524742,-0.330757,2.41874,-0.542992,0,0,0,0
15.957,2.71792,-0.0311876,-0.279047,0.55194,-0.269651,2.4195,-0.543651,0,0,0,0
15.981,2.71792,-0.0311876,-0.279047,0.55194,-0.269651,2.4195,-0.543651,0,0,0,0
16.02,2.71792,-0.0311874,-0.279047,0.55194,-0.269651,2.4195,-0.543651,0,0,0,0
16.062,2.71792,-0.0311875,-0.279047,0.55194,-0.269651,2.4195,-0.543651,0,0,0,0
16.101,2.71792,-0.0311876,-0.279047,0.55194,-0.269651,2.4195,-0.543651,0,0,0,0
16.122,2.71792,-0.0311875,-0.279047,0.55194,-0.269651,2.4195,-0.543651,0,0,0,0
16.14,2.71792,-0.0311871,-0.279047,0.551941,-0.269651,2.4195,-0.543651,0,0,0,0
16.152,2.71792,-0.0311877,-0.279047,0.551939,-0.269651,2.4195,-0.543651,0,0,0,0
16.221,2.71792,-0.0311875,-0.279047,0.55194,-0.269651,2.4195,-0.543651,0,0,0,0
16.257,2.71792,-0.0311876,-0.279047,0.55194,-0.269651,2.4195,-0.543651,0,0,0,0
16.281,2.71792,-0.0311874,-0.279047,0.55194,-0.269651,2.4195,-0.543651,0,0,0,0
16.32,2.71792,-0.0311876,-0.279047,0.576816,-0.200185,2.41814,-0.537095,0,0,0,0
16.341,2.71792,-0.0311876,-0.279047,0.576816,-0.200185,2.41814,-0.537095,0,0,0,0
16.38,2.71792,-0.0311875,-0.279047,0.576816,-0.200185,2.41814,-0.537095,0,0,0,0
16.422,2.71792,-0.0311876,-0.279047,0.576816,-0.200185,2.41814,-0.537095,0,0,0,0
16.44,2.71792,-0.0311876,-0.279047,0.576816,-0.200185,2.41814,-0.537095,0,0,0,0
16.479,2.71792,-0.0311875,-0.279047,0.576816,-0.200185,2.41814,-0.537095,0,0,0,0
16.521,2.71792,-0.0311874,-0.279047,0.576816,-0.200185,2.41814,-0.537095,0,0,0,0
16.536,2.71792,-0.0311875,-0.279047,0.576816,-0.200185,2.41814,-0.537095,0,0,0,0
16.566,2.71791,-0.0311866,-0.279047,0.57682,-0.200185,2.41815,-0.537095,0,0,0,0
16.596,2.71792,-0.0311874,-0.279047,0.576816,-0.200185,2.41814,-0.537095,0,0,0,0
16.611,2.71791,-0.0311868,-0.279047,0.579095,-0.164531,2.41909,-0.534516,0,0,0,0
16.656,2.71792,-0.0311873,-0.279047,0.579093,-0.164531,2.41909,-0.534516,0,0,0,0
16.674,2.71792,-0.0311875,-0.279047,0.579092,-0.164531,2.41909,-0.534516,0,0,0,0
16.701,2.71792,-0.0311877,-0.279047,0.579091,-0.164531,2.41909,-0.534516,0,0,0,0
16.731,2.71792,-0.0311871,-0.279047,0.579093,-0.164531,2.41909,-0.534516,0,0,0,0
16.749,2.71792,-0.0311874,-0.279047,0.579092,-0.164531,2.41909,-0.534516,0,0,0,0
16.776,2.71792,-0.0311875,-0.279047,0.579092,-0.164531,2.41909,-0.534516,0.169472,-0.368405,0,0
16.818,2.71792,-0.031187,-0.279047,0.579094,-0.164531,2.41909,-0.534516,0.219418,-0.47698,0.169472,-0.368405
16.854,2.71792,-0.0311874,-0.279047,0.579092,-0.164531,2.41909,-0.534516,0.279365,-0.607291,0.219418,-0.47698
16.881,2.7201,-0.0318208,-0.28134,0.562875,-0.158744,2.43274,-0.525954,0.31115,-0.646105,0.279365,-0.607291
16.92,2.72734,-0.0340043,-0.29533,0.54308,-0.146666,2.43229,-0.491888,0.322795,-0.657068,0.31115,-0.646105
16.956,2.73704,-0.03713,-0.317235,0.508893,-0.100639,2.45128,-0.364299,0.34399,-0.561425,0.322795,-0.657068
16.992,2.74306,-0.0391892,-0.33028,0.5038,-0.0939964,2.46439,-0.33371,0.332864,-0.571512,0.34399,-0.561425
17.013,2.7559,-0.0438725,-0.358442,0.507288,-0.0828226,2.47414,-0.263958,0.332045,-0.546469,0.332864,-0.571512
17.04,2.76276,-0.0465348,-0.372,0.51575,-0.0787067,2.47013,-0.230403,0.34486,-0.561425,0.332045,-0.546469
17.082,2.77659,-0.0521968,-0.397582,0.517463,-0.0680211,2.47518,-0.1656,0.380685,-0.570654,0.34486,-0.561425
17.1,2.78982,-0.0580037,-0.42235,0.519399,-0.0573445,2.47888,-0.101986,0.389469,-0.54881,0.380685,-0.570654
17.127,2.79648,-0.0610698,-0.43446,0.512725,-0.0510721,2.48726,-0.0687881,0.383333,-0.509806,0.389469,-0.54881
17.142,2.80358,-0.064442,-0.446451,0.520349,-0.0466234,2.48005,-0.0389808,0.387858,-0.525521,0.383333,-0.509806
17.193,2.81092,-0.0680377,-0.458178,0.512683,-0.0405417,2.48622,-0.00468776,0.381516,-0.469792,0.387858,-0.525521
17.223,2.8256,-0.0755377,-0.481315,0.511951,-0.0300391,2.48311,0.0582346,0.379343,-0.442886,0.381516,-0.469792
17.262,2.83379,-0.0799019,-0.494106,0.517983,-0.0245141,2.48672,0.0957399,0.382919,-0.44179,0.379343,-0.442886
17.28,2.84004,-0.0833324,-0.503951,0.76403,0.242221,2.41796,0.582404,0.59789,0.00700443,0.382919,-0.44179
17.307,2.85412,-0.0913209,-0.525128,0.829027,0.283093,2.40257,0.639495,0.467988,0.438286,0.59789,0.00700443
17.34,2.86106,-0.0953998,-0.534944,0.861367,0.303757,2.38813,0.663018,0.514582,0.283593,0.467988,0.438286
17.391,2.88264,-0.108483,-0.553811,0.93062,0.35058,2.37706,0.720613,0.565692,0.113905,0.514582,0.283593
17.4,2.89503,-0.115812,-0.540968,0.92065,0.338501,2.38543,0.696001,0.53782,0.20644,0.565692,0.113905
17.442,2.91361,-0.12649,-0.523504,0.919442,0.326349,2.38964,0.659972,0.546651,0.177121,0.53782,0.20644
17.46,2.9234,-0.131994,-0.516251,0.910557,0.319627,2.39716,0.647884,0.535793,0.213171,0.546651,0.177121
17.502,2.93334,-0.137528,-0.510047,0.915627,0.317824,2.40446,0.635923,0.544531,0.18416,0.535793,0.213171
17.541,2.95352,-0.148585,-0.499668,0.924882,0.315989,2.40254,0.614361,0.556846,0.143272,0.544531,0.18416
17.562,2.97365,-0.159409,-0.490281,0.933955,0.31503,2.41283,0.603874,0.568044,0.106095,0.556846,0.143272
17.601,2.98376,-0.164766,-0.485819,1.27683,0.581577,2.2654,1.01647,0.6,0,0.568044,0.106095
17.64,3.00592,-0.176346,-0.478161,1.29756,0.589722,2.2619,1.0051,0.6,0,0.6,0
17.661,3.01651,-0.181823,-0.475432,1.28724,0.586202,2.26651,1.00484,0.6,0,0.6,0
17.685,3.02608,-0.186763,-0.474249,1.30475,0.596491,2.27072,1.00806,0.6,0,0.6,0
17.7,3.03726,-0.192531,-0.47376,1.32005,0.607656,2.27244,1.01285,0.6,0,0.6,0
17.733,3.04849,-0.198324,-0.473876,1.33494,0.619612,2.25969,1.01314,0.6,0,0.6,0
17.76,3.07097,-0.209937,-0.474711,1.36429,0.644358,2.26113,1.02685,0.6,0,0.6,0
17.787,3.08223,-0.21575,-0.475132,1.37893,0.656752,2.26183,1.03371,0.6,0,0.6,0
17.805,3.09348,-0.221566,-0.475503,1.37981,0.663184,2.24877,1.03457,0.6,0,0.6,0
17.85,3.11599,-0.233193,-0.476043,1.38169,0.675771,2.25046,1.04761,0.6,0,0.6,0
17.886,3.12723,-0.239003,-0.476229,1.36891,0.676037,2.2514,1.05394,0.6,0,0.6,0
17.916,3.14969,-0.250602,-0.476476,1.37104,0.688213,2.23965,1.06041,0.6,0,0.6,0
17.922,3.1609,-0.256393,-0.476554,1.30112,0.75882,2.1962,1.14541,0.6,0,0.6,0
17.961,3.1721,-0.26218,-0.476611,1.3022,0.764935,2.19731,1.15146,0.6,0,0.6,0
18,3.1945,-0.273748,-0.476683,1.30441,0.777092,2.19958,1.16346,0.599517,0.00160407,0.6,0
18.039,3.20569,-0.279531,-0.476705,1.30553,0.783144,2.18696,1.16351,0.59328,0.0223092,0.599517,0.00160407
18.075,3.22969,-0.291928,-0.47672,1.29224,0.789179,2.18748,1.17539,0.560616,0.130759,0.59328,0.0223092
18.114,3.24047,-0.297494,-0.476726,1.29385,0.795199,2.18913,1.18133,0.563905,0.119838,0.560616,0.130759
18.162,3.26152,-0.308361,-0.47655,1.31155,0.812969,2.17943,1.18687,0.571899,0.0932976,0.563905,0.119838
18.195,3.29333,-0.324626,-0.470395,1.32021,0.818651,2.17768,1.17873,0.565901,0.113209,0.571899,0.0932976
18.222,3.31172,-0.333898,-0.465883,1.31714,0.818502,2.19009,1.18043,0.552353,0.158189,0.565901,0.113209
18.264,3.33291,-0.344424,-0.460425,1.3118,0.817024,2.18672,1.17415,0.536381,0.211218,0.552353,0.158189
18.3,3.34648,-0.351101,-0.457328,1.31309,0.81862,2.18912,1.17302,0.534335,0.218012,0.536381,0.211218
18.348,3.36739,-0.361296,-0.451357,1.31259,0.719156,2.23143,1.08769,0.6,0,0.534335,0.218012
18.387,3.38808,-0.371204,-0.444016,1.3367,0.726215,2.23031,1.077,0.6,0,0.6,0
18.42,3.41211,-0.382499,-0.435037,1.3446,0.725119,2.24118,1.06824,0.594966,0,0.6,0
18.444,3.42276,-0.387449,-0.43493,1.34693,0.730371,2.24344,1.07366,0.58344,0,0.594966,0
18.462,3.42276,-0.387449,-0.43493,1.34693,0.730371,2.24344,1.07366,0.58344,0,0.58344,0
18.495,3.45466,-0.402378,-0.435644,1.33917,0.742207,2.23514,1.08686,0.576603,0,0.58344,0
18.522,3.47684,-0.412741,-0.435827,1.34255,0.753267,2.22426,1.09318,0.563994,0,0.576603,0
18.543,3.47684,-0.412741,-0.435827,1.34255,0.753267,2.22426,1.09318,0.565048,0,0.563994,0
18.582,3.48817,-0.418074,-0.43678,1.3433,0.759986,2.22222,1.10494,0.565048,0,0.565048,0
18.633,3.51009,-0.42834,-0.437278,1.33271,0.766073,2.22051,1.12528,0.551895,0.0297216,0.565048,0
18.66,3.53163,-0.43843,-0.437578,1.33466,0.680535,2.11143,1.27229,0.546438,0,0.551895,0.0297216
18.699,3.55309,-0.448477,-0.437742,1.32473,0.686472,2.10493,1.31134,0.528184,0,0.546438,0
18.72,3.56365,-0.453418,-0.437539,1.34092,0.697711,2.09354,1.31091,0.519888,0,0.528184,0
18.747,3.58445,-0.463145,-0.437233,1.33496,0.698211,2.08707,1.31204,0.502486,0,0.519888,0
18.78,3.59459,-0.467885,-0.437197,1.32379,0.698164,2.10396,1.32264,0.487975,0,0.502486,0
18.795,3.61434,-0.477116,-0.437211,1.3434,0.715784,2.08215,1.32267,0.487975,0,0.487975,0
18.84,3.6239,-0.481587,-0.437232,1.33283,0.715812,2.0996,1.33338,0.47344,0,0.487975,0
18.864,3.6425,-0.490281,-0.43727,1.32591,0.7221,2.07902,1.33346,0.463459,0,0.47344,0
18.885,3.65316,-0.495263,-0.437284,1.34165,0.734092,2.09528,1.34416,0.446655,0,0.463459,0
18.927,3.66218,-0.499479,-0.437292,1.33168,0.734104,2.08531,1.34418,0.442785,2.17614e-16,0.446655,0
18.96,3.66962,-0.502958,-0.437297,1.33423,0.744554,2.07709,1.34419,0.42671,0,0.442785,2.17614e-16
18.999,3.68666,-0.510921,-0.437308,1.4187,0.0412963,2.47554,0.184301,0.422473,-1.03816e-16,0.42671,0
19.044,3.71117,-0.522382,-0.437322,1.45147,0.0451706,2.47571,0.196924,0.413059,-1.01502e-16,0.422473,-1.03816e-16
19.062,3.71962,-0.526332,-0.43731,1.45714,0.0447106,2.4776,0.206856,0.408065,-0.0116868,0.413059,-1.01502e-16
19.092,3.72763,-0.530074,-0.437309,1.47814,0.0416172,2.46876,0.206853,0.395019,-0.0125024,0.408065,-0.0116868
19.122,3.73561,-0.533803,-0.437308,1.46933,0.0416143,2.47254,0.215004,0.377149,-0.0129265,0.395019,-0.0125024
19.158,3.75113,-0.541063,-0.437623,1.49712,0.0396629,2.46778,0.224163,0.357958,-0.0171269,0.377149,-0.0129265
19.185,3.76217,-0.546234,-0.437991,1.5149,0.0395202,2.46791,0.233504,0.35309,-0.00700244,0.357958,-0.0171269
19.221,3.77341,-0.551501,-0.438483,1.51803,0.0313433,2.4763,0.246922,0.33733,-0.0388467,0.35309,-0.00700244
19.266,3.78744,-0.558089,-0.439122,1.50837,0.027027,2.47591,0.256563,0.318886,-0.0477811,0.33733,-0.0388467
19.299,3.80189,-0.564882,-0.439636,1.50725,0.0298495,2.47115,0.267655,0.289219,-0.032937,0.318886,-0.0477811
19.338,3.81366,-0.570428,-0.440748,0.374079,1.56928,1.16776,2.19189,0,1.99203,0.289219,-0.032937
19.368,3.81468,-0.570908,-0.440853,0.372789,1.56932,1.1664,2.19201,0.146107,1.50695,0,1.99203
19.404,3.82579,-0.57617,-0.442766,0.385396,1.63955,1.16478,2.19618,0,1.99203,0.146107,1.50695
19.44,3.83342,-0.579787,-0.441425,0.392214,1.66603,1.15929,2.19463,0,1.99203,0,1.99203
19.47,3.83797,-0.581755,-0.413876,0.432995,1.65457,1.22929,2.16299,0.118282,1.59933,0,1.99203
19.5,3.83875,-0.582037,-0.39173,0.454313,1.61823,1.27606,2.1352,0,1.99203,0.118282,1.59933
19.521,3.84044,-0.582523,-0.333664,0.545712,1.58905,1.39607,2.05746,0,1.99203,0,1.99203
19.542,3.83981,-0.582198,-0.320161,0.559972,1.56864,1.42443,2.03831,0.0867639,1.70397,0,1.99203
19.581,3.84016,-0.582263,-0.296205,0.590194,1.54138,1.47249,2.00356,0,1.99203,0.0867639,1.70397
19.62,3.83981,-0.582088,-0.249799,0.652662,1.5001,1.56423,1.93302,0,1.99203,0,1.99203
19.641,3.84141,-0.58241,-0.199538,0.725563,1.46541,1.65773,1.85199,0.0750789,1.74277,0,1.99203
19.68,3.84107,-0.582324,-0.183798,1.3279,-0.481087,2.47147,-0.240331,0.377147,-0.739884,0.0750789,1.74277
19.722,3.84194,-0.582431,-0.140872,1.29363,-0.550684,2.46138,-0.368611,0.0863471,-1.70535,0.377147,-0.739884
19.749,3.84903,-0.583266,-0.102492,1.30782,-0.61717,2.43886,-0.467986,0.196517,-1.33958,0.0863471,-1.70535
19.782,3.84938,-0.583302,-0.100399,1.30618,-0.619906,2.43752,-0.473091,0.176222,-1.40696,0.196517,-1.33958
19.8,3.86057,-0.584536,-0.0959804,1.30693,-0.628236,2.43856,-0.47952,0,0,0.176222,-1.40696
19.821,3.86321,-0.584855,-0.110379,1.31318,-0.609327,2.44256,-0.444333,0,0,0,0
19.854,3.86659,-0.585361,-0.132821,1.33803,-0.581105,2.44849,-0.389357,0,0,0,0
19.887,3.87017,-0.585971,-0.158564,1.34891,-0.546434,2.46817,-0.321032,0,0,0,0
19.902,3.87201,-0.586331,-0.190593,1.36385,-0.50295,2.47531,-0.241821,0,0,0,0
19.944,3.87204,-0.586351,-0.19196,1.3645,-0.501071,2.47561,-0.238422,0,0,0,0
19.968,3.87211,-0.586376,-0.192365,1.36462,-0.50051,2.47562,-0.237412,0,0,0,0
20.001,3.87301,-0.586551,-0.192542,1.38371,-0.466424,2.30298,0.727993,0,0,0,0
20.031,3.87155,-0.586267,-0.192633,1.38524,-0.466298,2.3044,0.728201,0,0,0,0
20.049,3.87136,-0.58623,-0.192663,1.38545,-0.466256,2.30457,0.728272,0,0,0,0
20.082,3.87115,-0.58619,-0.192678,1.38566,-0.466235,2.30477,0.728306,0,0,0,0
20.1,3.87089,-0.586139,-0.192681,1.38593,-0.466231,2.30504,0.728313,0,0,0,0
20.13,3.87083,-0.586126,-0.192681,1.386,-0.466231,2.3051,0.728314,0,0,0,0
20.142,3.8708,-0.586122,-0.192682,1.38602,-0.46623,2.30512,0.728314,0,0,0,0
20.202,3.87078,-0.586116,-0.192682,1.38605,-0.46623,2.30515,0.728314,0,0,0,0
20.232,3.87075,-0.586112,-0.192682,1.38607,-0.46623,2.30518,0.728314,0,0,0,0
20.265,3.87072,-0.586106,-0.192682,1.3861,-0.46623,2.30521,0.728314,0,0,0,0
20.28,3.87072,-0.586105,-0.192682,1.38611,-0.46623,2.30521,0.728314,0,0,0,0
20.307,3.87072,-0.586105,-0.192682,1.38611,-0.46623,2.30521,0.728315,0,0,0,0
20.346,3.87072,-0.586105,-0.192682,1.29082,-0.461584,2.30521,0.728315,0,0,0,0
20.382,3.87071,-0.586104,-0.192682,1.28892,-0.460877,2.30308,0.729219,0.228831,-1.2323,0,0
20.4,3.87071,-0.586104,-0.192682,1.28892,-0.460877,2.30308,0.729219,0.224895,-1.24537,0.228831,-1.2323
20.427,3.87071,-0.586105,-0.192682,1.28892,-0.460877,2.30308,0.729219,0.225314,-1.24398,0.224895,-1.24537
20.457,3.87376,-0.586714,-0.195889,1.30104,-0.450743,2.29763,0.736607,0.233773,-1.21589,0.225314,-1.24398
20.481,3.87811,-0.587637,-0.207494,1.31576,-0.4303,2.28448,0.763229,0.247354,-1.1708,0.233773,-1.21589
20.526,3.88733,-0.589862,-0.248935,1.34965,-0.361836,2.24141,0.857101,0.292199,-1.02191,0.247354,-1.1708
20.562,3.89284,-0.591377,-0.277389,1.35368,-0.323344,2.2104,0.920469,0.289694,-1.03023,0.292199,-1.02191
20.595,3.90856,-0.59651,-0.343963,1.37676,-0.213238,2.12366,1.06744,0.356313,-0.809055,0.289694,-1.03023
20.619,3.90856,-0.59651,-0.343963,1.37676,-0.213238,2.12366,1.06744,0.33311,-0.886089,0.356313,-0.809055
20.652,3.92439,-0.602685,-0.403677,1.36566,-0.0979409,1.99926,1.21218,0.439172,-0.533956,0.33311,-0.886089
20.676,3.92439,-0.602685,-0.403677,1.16018,-0.15471,1.99926,1.21218,0.333702,-0.884123,0.439172,-0.533956
20.709,3.93216,-0.606197,-0.426856,1.17605,-0.1065,1.9621,1.25817,0.396925,-0.67422,0.333702,-0.884123
20.736,3.94641,-0.613008,-0.459745,1.19224,-0.0336789,1.90387,1.32179,0.46737,-0.440338,0.396925,-0.67422
20.763,3.95461,-0.617126,-0.471144,1.20264,0.00283824,1.8795,1.34335,0.516142,-0.278412,0.46737,-0.440338
20.796,3.9689,-0.624677,-0.499585,1.20329,0.0612659,1.82438,1.39604,0.6,-1.4744e-16,0.516142,-0.278412
20.841,3.97704,-0.629206,-0.511662,1.20253,0.0874666,1.79807,1.41793,0.6,0,0.6,-1.4744e-16
20.886,4.00522,-0.645485,-0.533152,1.21077,0.17441,1.73465,1.45594,0.6,0,0.6,0
20.922,4.02717,-0.65832,-0.534227,1.20939,0.213483,1.70766,1.45767,0.6,0,0.6,0
20.949,4.04929,-0.671232,-0.53257,1.21413,0.263325,1.68446,1.45473,0.6,0,0.6,0
20.988,4.06036,-0.677687,-0.53168,1.20875,0.275361,1.67294,1.45319,0.6,0,0.6,0
21.024,4.0825,-0.690601,-0.530265,1.20553,0.312827,1.64936,1.45076,0.6,0,0.6,0
21.045,4.09355,-0.697046,-0.529756,1.07162,0.250106,1.63731,1.4499,0.6,0,0.6,0
21.093,4.11555,-0.709882,-0.529069,1.06644,0.289594,1.61283,1.44875,0.6,0,0.6,0
21.141,4.13742,-0.722642,-0.528683,1.06787,0.342933,1.58807,1.44811,0.6,0,0.6,0
21.162,4.15922,-0.735363,-0.528478,1.06906,0.396607,1.56313,1.44778,0.6,0,0.6,0
21.192,4.17011,-0.741719,-0.528416,1.05647,0.396539,1.5506,1.44768,0.6,0,0.6,0
21.234,4.181,-0.748074,-0.528372,1.05046,0.409969,1.53806,1.44761,0.6,0,0.6,0
21.294,4.20278,-0.760783,-0.52832,1.04494,0.450385,1.51292,1.44753,0.555012,0.149362,0.6,0
21.321,4.23544,-0.779844,-0.528287,1.03331,0.504342,1.47515,1.44748,0.479311,0.400694,0.555012,0.149362
21.345,4.25721,-0.792547,-0.528279,1.02115,0.531347,1.44996,1.44747,0.455669,0.479188,0.479311,0.400694
21.366,4.26757,-0.798576,-0.527076,1.01636,0.543608,1.43971,1.44572,0.446267,0.510403,0.455669,0.479188
21.402,4.2783,-0.804751,-0.521669,1.00691,0.538109,1.43513,1.43792,0.438258,0.536992,0.446267,0.510403
21.42,4.29364,-0.81325,-0.502678,1.0942,0.791971,1.44464,1.41047,0.303497,0.984407,0.438258,0.536992
21.441,4.29504,-0.814024,-0.501287,1.09369,0.79045,1.445,1.40846,0.355411,0.812047,0.303497,0.984407
21.483,4.30183,-0.81762,-0.490485,1.09448,0.778565,1.45244,1.39274,0.340135,0.862764,0.355411,0.812047
21.504,4.3165,-0.825095,-0.463001,1.11524,0.773555,1.47371,1.35244,0.34215,0.856076,0.340135,0.862764
21.525,4.32301,-0.828174,-0.445549,1.12136,0.753948,1.48988,1.32649,0.34679,0.84067,0.34215,0.856076
21.567,4.32951,-0.831102,-0.426562,1.13692,0.744816,1.50767,1.29794,0.349975,0.830097,0.34679,0.84067
21.6,4.34233,-0.836464,-0.386683,1.15181,0.699028,1.54432,1.23693,0.362273,0.769783,0.349975,0.830097
21.636,4.35559,-0.841478,-0.3495,1.1818,0.679138,1.57506,1.17884,0.321056,0.653765,0.362273,0.769783
21.66,4.36237,-0.843851,-0.331834,1.19612,0.669629,1.58845,1.15086,0.278435,0.55943,0.321056,0.653765
21.702,4.37942,-0.849293,-0.291408,1.22535,0.643018,1.63262,1.09162,0.250228,0.460282,0.278435,0.55943
21.723,4.38892,-0.852001,-0.269603,1.24031,0.627448,1.64703,1.0561,0.291692,0.528673,0.250228,0.460282
21.753,4.39459,-0.85353,-0.25744,1.44551,-0.218831,1.65388,1.03603,0.224914,-0.412325,0.291692,0.528673
21.813,4.40021,-0.854978,-0.245973,1.4371,-0.235357,1.65985,1.01703,0.18213,-0.261744,0.224914,-0.412325
21.84,4.41705,-0.858955,-0.219697,1.45771,-0.26676,1.6687,0.973278,0,0,0.18213,-0.261744
21.882,4.42167,-0.860026,-0.22378,1.45405,-0.260786,1.65997,0.980103,0.126547,-0.189929,0,0
21.915,4.42831,-0.861663,-0.240043,1.48093,-0.232673,1.63697,1.00698,0.441481,-0.526292,0.126547,-0.189929
21.942,4.42952,-0.861979,-0.245674,1.48097,-0.224318,1.63003,1.01619,0.438206,-0.537163,0.441481,-0.526292
21.96,4.43108,-0.862398,-0.247261,1.4797,-0.221945,1.62679,1.0188,0.112035,-0.136031,0.438206,-0.537163
21.981,4.43741,-0.864054,-0.252263,1.47426,-0.214515,1.61514,1.02695,0.145844,-0.17336,0.112035,-0.136031
22.026,4.44961,-0.867341,-0.26142,1.46352,-0.200986,1.59302,1.04172,0.446077,-0.511034,0.145844,-0.17336
22.05,4.45348,-0.868478,-0.271855,1.49106,-0.18051,1.57803,1.05834,0.478961,-0.401856,0.446077,-0.511034
22.086,4.45928,-0.870168,-0.282511,1.48686,-0.164603,1.56063,1.0751,0.486398,-0.377163,0.478961,-0.401856
22.128,4.46606,-0.872203,-0.289067,1.42285,-0.152226,1.54647,1.08533,0.502852,-0.322536,0.486398,-0.377163
22.161,4.48471,-0.878039,-0.304327,1.4429,-0.105613,1.51018,1.10878,0.595649,-0.0144449,0.502852,-0.322536
22.197,4.50483,-0.884685,-0.321087,1.42329,-0.0814563,1.4702,1.13389,0.6,-1.4744e-16,0.595649,-0.0144449
22.218,4.51494,-0.888153,-0.328989,1.43769,-0.0529109,1.45051,1.14549,0.6,0,0.6,-1.4744e-16
22.26,4.52741,-0.892492,-0.334643,1.44441,-0.034847,1.44224,1.14529,0.6,0,0.6,0
22.281,4.55036,-0.900512,-0.337887,1.44333,-0.0117428,1.4148,1.14951,0.6,0,0.6,0
22.32,4.57286,-0.908397,-0.338908,1.4195,-0.0103142,1.38978,1.1509,0.6,0,0.6,0
22.35,4.58707,-0.913329,-0.33758,1.4268,0.00773867,1.37627,1.14901,0.6,0,0.6,0
22.38,4.59918,-0.917552,-0.337191,1.42475,0.0176034,1.3639,1.14845,0.6,0,0.6,0
22.425,4.62327,-0.925952,-0.336549,1.42038,0.0379484,1.33912,1.14755,0.6,0,0.6,0
22.473,4.6557,-0.937265,-0.336133,1.26001,0.0916908,1.30525,1.14697,0.6,0,0.6,0
22.494,4.67117,-0.942652,-0.335868,1.26165,0.132538,1.28918,1.14662,0.6,0,0.6,0
22.533,4.68308,-0.946808,-0.33579,1.26136,0.159691,1.27665,1.14651,0.6,0,0.6,0
22.566,4.71199,-0.95689,-0.335692,1.2482,0.200994,1.24614,1.14638,0.6,0,0.6,0
22.605,4.73069,-0.963411,-0.335642,1.24048,0.228319,1.2264,1.14632,0.6,0,0.6,0
22.626,4.75448,-0.97171,-0.335617,1.22702,0.271566,1.20122,1.14629,0.6,0,0.6,0
22.68,4.76638,-0.97586,-0.33561,1.22837,0.258873,1.2037,1.14837,0.6,0,0.6,0
22.704,4.79188,-0.984753,-0.335602,1.21097,0.288796,1.18026,1.14885,0.6,0,0.6,0
22.74,4.80208,-0.98831,-0.3356,1.20535,0.302869,1.16946,1.14885,0.6,0,0.6,0
22.782,4.82587,-0.996609,-0.335597,1.18562,0.332309,1.14426,1.14885,0.6,0,0.6,0
22.803,4.84967,-1.00491,-0.335596,1.05896,1.03625,1.11906,1.14885,0,1.99203,0.6,0
22.839,4.86156,-1.00906,-0.335596,1.05399,1.04916,1.10646,1.14885,0.225158,1.24449,0,1.99203
22.854,4.87346,-1.01321,-0.335596,1.04139,1.04916,1.09386,1.14885,0.0891355,1.6961,0.225158,1.24449
22.911,4.89194,-1.01962,-0.332384,1.03287,1.05874,1.07799,1.14536,0.114432,1.61211,0.0891355,1.6961
22.941,4.90118,-1.02251,-0.307555,1.06511,1.05813,1.0964,1.1182,0.126774,1.57113,0.114432,1.61211
22.968,4.90537,-1.02353,-0.268753,1.10105,1.01588,1.13465,1.07469,0.129734,1.56131,0.126774,1.57113
23.001,4.90713,-1.02385,-0.246523,1.12157,0.991038,1.15647,1.04909,0.129725,1.56134,0.129734,1.56131
23.028,4.9091,-1.02418,-0.222906,1.14267,0.964163,1.17893,1.02137,0.137708,1.53483,0.129725,1.56134
23.061,4.9145,-1.025,-0.16745,1.18889,0.899251,1.22827,0.954365,0.154052,1.48057,0.137708,1.53483
23.082,4.9182,-1.02536,-0.119764,1.23689,0.852467,1.26865,0.894646,0.155549,1.4756,0.154052,1.48057
23.121,4.92033,-1.02555,-0.0990184,1.25217,0.826603,1.28479,0.868114,0.157135,1.47033,0.155549,1.4756
23.136,4.92642,-1.02597,-0.0540345,1.27111,0.759208,1.31643,0.809556,0.177844,1.40158,0.157135,1.47033
23.16,4.92642,-1.02597,-0.0540345,1.27111,0.759208,1.31643,0.809556,0.162991,1.45089,0.177844,1.40158
23.196,4.93322,-1.02618,-0.010787,1.31858,0.723361,1.3434,0.752018,0.173748,1.41518,0.162991,1.45089
23.22,4.93322,-1.02618,-0.010787,1.31858,0.723361,1.3434,0.752018,0.168295,1.43328,0.173748,1.41518
23.241,4.93693,-1.02618,0.0103363,1.32985,0.69539,1.35527,0.723516,0.179105,1.39739,0.168295,1.43328
23.286,4.94413,-1.02596,0.0528078,1.35098,0.638458,1.37757,0.665481,0.191355,1.35672,0.179105,1.39739
23.307,4.95154,-1.02542,0.0950628,1.36932,0.580985,1.39702,0.60686,0.200314,1.32698,0.191355,1.35672
23.349,4.95532,-1.02502,0.116115,1.37745,0.552076,1.40569,0.577362,0.201973,1.32147,0.200314,1.32698
23.385,4.963,-1.02397,0.158143,1.42096,0.517961,1.42096,0.517961,0.202493,1.31974,0.201973,1.32147
23.415,4.97105,-1.02252,0.199957,1.42781,0.410256,1.45819,0.432925,0.273803,1.08299,0.202493,1.31974
23.442,4.97519,-1.02164,0.220868,1.43184,0.38036,1.46269,0.40239,0.253141,1.15159,0.273803,1.08299
23.475,4.98348,-1.01961,0.262867,1.46976,0.340814,1.46976,0.340814,0.263072,1.11862,0.253141,1.15159
23.517,4.98918,-1.01801,0.285799,1.47127,0.307094,1.47127,0.307094,0.273533,1.08389,0.263072,1.11862
23.541,4.9988,-1.015,0.323796,1.4718,0.251191,1.4718,0.251191,0.29221,1.02188,0.273533,1.08389
23.601,5.00927,-1.01125,0.365657,1.46991,0.189618,1.46991,0.189618,0.31159,0.957536,0.29221,1.02188
23.637,5.02017,-1.0068,0.407461,1.46477,0.12826,1.46477,0.12826,0.332062,0.889567,0.31159,0.957536
23.664,5.02989,-1.00244,0.444662,1.45788,0.0739306,1.45788,0.0739306,0.350859,0.827162,0.332062,0.889567
23.682,5.03726,-0.998765,0.469209,1.45102,0.0381824,1.45102,0.0381824,0.365461,0.778682,0.350859,0.827162
23.7,5.04336,-0.99559,0.488088,1.4446,0.0108395,1.4446,0.0108395,0.379688,0.731449,0.365461,0.778682
23.73,5.04953,-0.992229,0.506355,1.43753,-0.0154938,1.43753,-0.0154938,0.394207,0.683242,0.379688,0.731449
23.757,5.05588,-0.988622,0.523928,1.42974,-0.040699,1.42974,-0.040699,0.408609,0.635428,0.394207,0.683242
23.787,5.06591,-0.982677,0.547728,1.41671,-0.0745681,1.41671,-0.0745681,0.429746,0.565253,0.408609,0.635428
23.829,5.07645,-0.976053,0.568872,1.40236,-0.104404,1.40236,-0.104404,0.44888,0.501726,0.429746,0.565253
23.862,5.09079,-0.966566,0.595521,1.37421,-0.169384,1.37421,-0.169384,0.537578,0.207243,0.44888,0.501726
23.892,5.10573,-0.956156,0.619174,1.34766,-0.215829,1.34766,-0.215829,0.6,0,0.537578,0.207243
23.925,5.11334,-0.950652,0.630365,1.33577,-0.230856,1.33577,-0.230856,0.6,0,0.6,0
23.958,5.12958,-0.938534,0.649236,1.31091,-0.255852,1.31091,-0.255852,0.6,0,0.6,0
23.991,5.13926,-0.931203,0.653216,1.29773,-0.261006,1.29773,-0.261006,0.6,0,0.6,0
24.021,5.14931,-0.923593,0.654495,1.2848,-0.262586,1.2848,-0.262586,0.6,0,0.6,0
24.042,5.16963,-0.908211,0.653333,1.25961,-0.260954,1.25961,-0.260954,0.6,0,0.6,0
24.063,5.17983,-0.900509,0.652272,1.24711,-0.259553,1.24711,-0.259553,0.6,0,0.6,0
24.102,5.19002,-0.892806,0.65125,1.23372,-0.260432,1.23372,-0.260432,0.6,0,0.6,0
24.135,5.21043,-0.877391,0.649602,1.20577,-0.265415,1.20577,-0.265415,0.6,0,0.6,0
24.168,5.23081,-0.861993,0.648545,1.18051,-0.264099,1.18051,-0.264099,0.6,0,0.6,0
24.201,5.24095,-0.854332,0.648191,1.16789,-0.263666,1.16789,-0.263666,0.6,0,0.6,0
24.231,5.26114,-0.839078,0.647728,1.14271,-0.263107,1.14271,-0.263107,0.6,0,0.6,0
24.252,5.27121,-0.831469,0.647582,1.13013,-0.262935,1.13013,-0.262935,0.6,0,0.6,0
24.276,5.28127,-0.823865,0.647476,1.11754,-0.26281,1.11754,-0.26281,0.6,0,0.6,0
24.294,5.29133,-0.816263,0.647398,1.11103,-0.248825,1.11103,-0.248825,0.6,0,0.6,0
24.339,5.31145,-0.801061,0.647301,1.08954,-0.242408,1.08954,-0.242408,0.6,0,0.6,0
24.36,5.32151,-0.79346,0.647272,1.07694,-0.242375,1.07694,-0.242375,0.6,0,0.6,0
24.387,5.34162,-0.778258,0.647235,1.05174,-0.242335,1.05174,-0.242335,0.6,0,0.6,0
24.42,5.35164,-0.770686,0.647236,1.03918,-0.242335,1.03918,-0.242335,0.6,0,0.6,0
24.462,5.36174,-0.763055,0.647217,1.02653,-0.242314,1.02653,-0.242314,0.6,0,0.6,0
24.486,5.38185,-0.747855,0.647207,1.00132,-0.242304,1.00132,-0.242304,0.6,0,0.6,0
24.522,5.3919,-0.740257,0.647205,0.990482,-0.240458,0.990482,-0.240458,0.6,0,0.6,0
24.543,5.41918,-0.719637,0.647201,0.962806,-0.23527,0.962806,-0.23527,0.6,0,0.6,0
24.561,5.42206,-0.717464,0.6472,0.959203,-0.235269,0.959203,-0.235269,0.6,0,0.6,0
24.597,5.43211,-0.709867,0.647199,0.946604,-0.235268,0.946604,-0.235268,0.6,0,0.6,0
24.621,5.44216,-0.70227,0.647199,0.934003,-0.235268,0.934003,-0.235268,0.6,0,0.6,0
24.66,5.46227,-0.687076,0.647198,0.908804,-0.235267,0.908804,-0.235267,0.6,0,0.6,0
24.684,5.48237,-0.671881,0.647198,0.883604,-0.235267,0.883604,-0.235267,0.6,0,0.6,0
24.702,5.49242,-0.664284,0.647198,0.871004,-0.235267,0.871004,-0.235267,0.6,0,0.6,0
24.72,5.50247,-0.656687,0.647198,0.866969,-0.214845,0.866969,-0.214845,0.6,0,0.6,0
24.753,5.51396,-0.648005,0.647198,0.855092,-0.209115,0.855092,-0.209115,0.6,0,0.6,0
24.795,5.52401,-0.640413,0.647198,0.842501,-0.209115,0.842501,-0.209115,0.6,0,0.6,0
24.834,5.5337,-0.633086,0.647198,0.830348,-0.209115,0.830348,-0.209115,0.597594,-0.00798696,0.6,0
24.861,5.55268,-0.61874,0.647198,0.806555,-0.209115,0.806555,-0.209115,0.55501,-0.14937,0.597594,-0.00798696
24.9,5.57283,-0.603512,0.647198,0.7813,-0.209115,0.7813,-0.209115,0.530839,-0.229617,0.55501,-0.14937
24.921,5.59288,-0.588363,0.647009,0.75621,-0.208969,0.75621,-0.208969,0.512539,-0.290374,0.530839,-0.229617
24.948,5.60245,-0.581154,0.645689,0.744502,-0.20797,0.744502,-0.20797,0.509281,-0.301193,0.512539,-0.290374
24.972,5.61887,-0.568852,0.64141,0.724866,-0.204812,0.724866,-0.204812,0.497302,-0.340964,0.509281,-0.301193
25.014,5.62074,-0.567527,0.63863,0.723149,-0.202751,0.723149,-0.202751,0.503402,-0.320712,0.497302,-0.340964
25.047,5.6381,-0.554908,0.625782,0.704231,-0.193502,0.704231,-0.193502,0.493757,-0.352733,0.503402,-0.320712
25.08,5.65532,-0.542744,0.611326,0.685872,-0.183379,0.685872,-0.183379,0.49285,-0.355743,0.493757,-0.352733
25.116,5.67258,-0.530905,0.596576,0.667573,-0.17334,0.667573,-0.17334,0.490409,-0.363847,0.49285,-0.355743
25.152,5.68116,-0.525145,0.589161,0.6585,-0.168403,0.6585,-0.168403,0.491734,-0.359448,0.490409,-0.363847
25.182,5.69234,-0.51777,0.579513,0.646701,-0.162091,0.646701,-0.162091,0.488988,-0.368564,0.491734,-0.359448
25.212,5.71568,-0.5029,0.558398,0.62231,-0.148649,0.62231,-0.148649,0.481721,-0.392693,0.488988,-0.368564
25.251,5.72442,-0.497497,0.550662,0.613165,-0.14386,0.613165,-0.14386,0.485164,-0.38126,0.481721,-0.392693
25.269,5.74198,-0.486914,0.535161,0.594818,-0.134486,0.594818,-0.134486,0.47834,-0.403916,0.485164,-0.38126
25.281,5.74965,-0.482366,0.528699,0.586757,-0.130697,0.586757,-0.130697,0.480036,-0.398286,0.47834,-0.403916
25.341,5.75074,-0.481782,0.527194,0.585384,-0.129952,0.585384,-0.129952,0.481578,-0.393167,0.480036,-0.398286
25.359,5.77712,-0.466895,0.502308,0.555001,-0.11749,0.555001,-0.11749,0.465583,-0.446273,0.481578,-0.393167
25.392,5.78596,-0.462096,0.493846,0.545912,-0.112821,0.545912,-0.112821,0.45889,-0.393739,0.465583,-0.446273
25.422,5.79487,-0.45736,0.485449,0.536754,-0.108267,0.536754,-0.108267,0.451294,-0.381282,0.45889,-0.393739
25.485,5.81236,-0.448359,0.467337,0.51896,-0.0986855,0.51896,-0.0986855,0.436775,-0.368541,0.451294,-0.381282
25.542,5.83827,-0.435734,0.441421,0.492522,-0.0855502,0.492522,-0.0855502,0.415281,-0.339782,0.436775,-0.368541
25.56,5.85526,-0.427871,0.42544,0.475101,-0.0778166,0.475101,-0.0778166,0.40108,-0.291078,0.415281,-0.339782
25.584,5.872,-0.420443,0.409985,0.457939,-0.0706065,0.457939,-0.0706065,0.386957,-0.261353,0.40108,-0.291078
25.635,5.88853,-0.413402,0.394897,0.440985,-0.0638287,0.440985,-0.0638287,0.373084,-0.231093,0.386957,-0.261353
25.656,5.88976,-0.412887,0.393835,0.439714,-0.0633621,0.439714,-0.0633621,0.371873,-0.194814,0.373084,-0.231093
25.692,5.91244,-0.403668,0.375624,0.416315,-0.0556013,0.416315,-0.0556013,0.352866,-0.205596,0.371873,-0.194814
25.71,5.91244,-0.403668,0.375624,0.416315,-0.0556013,0.416315,-0.0556013,0.352888,-0.153666,0.352866,-0.205596
25.74,5.91889,-0.401149,0.371406,0.409622,-0.0538508,0.409622,-0.0538508,0.347245,-0.1598,0.352888,-0.153666
25.782,5.93314,-0.395643,0.363055,0.39478,-0.0505147,0.39478,-0.0505147,0.335469,-0.158491,0.347245,-0.1598
25.803,5.9469,-0.390456,0.35561,0.380442,-0.0476467,0.380442,-0.0476467,0.324028,-0.139212,0.335469,-0.158491
25.848,5.9537,-0.387933,0.352476,0.37334,-0.0464758,0.37334,-0.0464758,0.318233,-0.114697,0.324028,-0.139212
25.881,5.96709,-0.383033,0.346411,0.344227,-0.0315254,0.344227,-0.0315254,0.291316,-0.0746622,0.318233,-0.114697
25.917,5.97989,-0.378442,0.340699,0.330803,-0.029609,0.330803,-0.029609,0.280283,-0.0115577,0.291316,-0.0746622
25.941,5.98618,-0.376217,0.338185,0.32421,-0.028791,0.32421,-0.028791,0.274641,0.0123094,0.280283,-0.0115577
25.98,5.99785,-0.372121,0.334766,0.311934,-0.0277147,0.311934,-0.0277147,0.264799,0.0115394,0.274641,0.0123094
26.019,6.00889,-0.368272,0.334157,0.300264,-0.0275426,0.300264,-0.0275426,0.255604,0.0216717,0.264799,0.0115394
26.037,6.01429,-0.366384,0.33472,0.294526,-0.0277193,0.294526,-0.0277193,0.250992,0.0392274,0.255604,0.0216717
26.067,6.02041,-0.364243,0.335379,0.28802,-0.0279197,0.28802,-0.0279197,0.24578,0.040794,0.250992,0.0392274
26.082,6.02982,-0.360946,0.336493,0.278022,-0.0282477,0.278022,-0.0282477,0.237948,0.0376812,0.24578,0.040794
26.115,6.03478,-0.359203,0.337242,0.272743,-0.0284588,0.272743,-0.0284588,0.233786,0.0524463,0.237948,0.0376812
26.142,6.03478,-0.359203,0.337242,0.272743,-0.0284588,0.272743,-0.0284588,0.233645,0.0656858,0.233786,0.0524463
26.184,6.04433,-0.355836,0.339259,0.262562,-0.0290069,0.262562,-0.0290069,0.225677,0.0449279,0.233645,0.0656858
26.22,6.05351,-0.352578,0.341679,0.25275,-0.0296361,0.25275,-0.0296361,0.21815,0.0504555,0.225677,0.0449279
26.241,6.06264,-0.349308,0.344653,0.242959,-0.0303788,0.242959,-0.0303788,0.210485,0.0546345,0.21815,0.0504555
26.268,6.06711,-0.347699,0.345913,0.238171,-0.0306839,0.238171,-0.0306839,0.206671,0.0700867,0.210485,0.0546345
26.286,6.07144,-0.346135,0.347024,0.233533,-0.0309469,0.233533,-0.0309469,0.202945,0.0730827,0.206671,0.0700867
26.34,6.07975,-0.343118,0.349306,0.224622,-0.0314705,0.224622,-0.0314705,0.196023,0.066971,0.202945,0.0730827
26.37,6.08908,-0.3397,0.352576,0.214578,-0.0321893,0.214578,-0.0321893,0.188282,0.0692948,0.196023,0.066971
26.43,6.09179,-0.3387,0.353718,0.211652,-0.032434,0.211652,-0.032434,0.185922,0.0897069,0.188282,0.0692948
26.46,6.10323,-0.334447,0.358117,0.191559,-0.00618895,0.191559,-0.00618895,0.161861,0.190299,0.185922,0.0897069
26.499,6.10748,-0.332852,0.359802,0.185203,-0.000177672,0.185203,-0.000177672,0.154352,0.279989,0.161861,0.190299
26.532,6.11054,-0.331697,0.361224,0.18193,-0.000439554,0.18193,-0.000439554,0.151512,0.292517,0.154352,0.279989
26.547,6.11749,-0.329053,0.365672,0.174493,-0.00123408,0.174493,-0.00123408,0.145659,0.283306,0.151512,0.292517
26.58,6.12381,-0.326604,0.373514,0.167698,-0.00257541,0.167698,-0.00257541,0.140369,0.281348,0.145659,0.283306
26.601,6.12665,-0.325452,0.381379,0.16461,-0.00390722,0.16461,-0.00390722,0.137964,0.283693,0.140369,0.281348
26.61,6.12956,-0.324264,0.387715,0.161437,-0.00494869,0.161437,-0.00494869,0.135495,0.279178,0.137964,0.283693
26.664,6.12956,-0.324264,0.387715,0.161437,-0.00494869,0.161437,-0.00494869,0.135481,0.28623,0.135495,0.279178
26.697,6.13759,-0.320877,0.405963,0.152606,-0.00783482,0.152606,-0.00783482,0.128756,0.254022,0.135481,0.28623
26.742,6.14015,-0.319759,0.411833,0.149758,-0.00872834,0.149758,-0.00872834,0.12664,0.263754,0.128756,0.254022
26.781,6.14772,-0.316359,0.429193,0.141293,-0.0112711,0.141293,-0.0112711,0.120275,0.240047,0.12664,0.263754
26.838,6.15256,-0.3141,0.439814,0.135817,-0.0127514,0.135817,-0.0127514,0.116239,0.240471,0.120275,0.240047
26.88,6.15724,-0.311861,0.450507,0.130491,-0.0141829,0.130491,-0.0141829,0.112289,0.23452,0.116239,0.240471
26.907,6.1621,-0.30947,0.461182,0.124914,-0.015553,0.124914,-0.015553,0.108208,0.227962,0.112289,0.23452
26.955,6.16619,-0.307408,0.470505,0.120186,-0.0167022,0.120186,-0.0167022,0.104775,0.224677,0.108208,0.227962
26.997,6.1683,-0.306321,0.475542,0.11772,-0.0173045,0.11772,-0.0173045,0.102976,0.226801,0.104775,0.224677
27.027,6.17241,-0.30417,0.485354,0.112906,-0.0184432,0.112906,-0.0184432,0.0995179,0.216362,0.102976,0.226801
27.075,6.17636,-0.30206,0.494896,0.108254,-0.0195048,0.108254,-0.0195048,0.0962315,0.211619,0.0995179,0.216362
27.129,6.18197,-0.298971,0.509064,0.101562,-0.0209999,0.101562,-0.0209999,0.0915333,0.199802,0.0962315,0.211619
27.162,6.18557,-0.29693,0.518122,0.097223,-0.0219054,0.097223,-0.0219054,0.0885134,0.200275,0.0915333,0.199802
27.213,6.18906,-0.294915,0.527047,0.0929955,-0.0227589,0.0929955,-0.0227589,0.0855597,0.196103,0.0885134,0.200275
27.255,6.19246,-0.292911,0.535779,0.0888456,-0.023557,0.0888456,-0.023557,0.082703,0.192049,0.0855597,0.196103
27.309,6.19723,-0.290035,0.548396,0.0621863,-0.026966,0.0621863,-0.026966,0.0649378,0.141932,0.082703,0.192049
27.357,6.199,-0.288945,0.553102,0.059978,-0.0272551,0.059978,-0.0272551,0.0635784,0.191346,0.0649378,0.141932
27.39,6.20171,-0.287253,0.560681,0.0565742,-0.0277,0.0565742,-0.0277,0.0609906,0.186317,0.0635784,0.191346
27.423,6.20443,-0.285529,0.568307,0.0531434,-0.0281211,0.0531434,-0.0281211,0.0587203,0.183549,0.0609906,0.186317
27.489,6.20778,-0.283355,0.57997,0.0488151,-0.0287193,0.0488151,-0.0287193,0.0557328,-0.340401,0.0587203,0.183549
27.537,6.20987,-0.281972,0.587884,0.046081,-0.0290975,0.046081,-0.0290975,0.0541548,-0.343942,0.0557328,-0.340401
27.561,6.21188,-0.280622,0.595598,0.0434394,-0.0294453,0.0434394,-0.0294453,0.0525152,-0.3489,0.0541548,-0.343942
27.6,6.21378,-0.279345,0.58633,0.0414179,-0.0290513,0.0414179,-0.0290513,0.0509528,-0.342298,0.0525152,-0.3489
27.66,6.21663,-0.277512,0.562274,0.0387149,-0.0280779,0.0387149,-0.0280779,0.0485973,-0.326985,0.0509528,-0.342298
27.702,6.21783,-0.276765,0.552427,0.0375751,-0.0277004,0.0375751,-0.0277004,0.0475813,-0.317908,0.0485973,-0.326985
27.744,6.22024,-0.275318,0.532352,0.0353139,-0.0269648,0.0353139,-0.0269648,0.0455796,-0.305595,0.0475813,-0.317908
27.786,6.22112,-0.274806,0.525386,0.034485,-0.0267211,0.034485,-0.0267211,0.0448352,-0.298759,0.0455796,-0.305595
27.846,6.22371,-0.273341,0.505072,0.0320457,-0.026045,0.0320457,-0.026045,0.0426875,-0.286786,0.0448352,-0.298759
27.885,6.22538,-0.27243,0.492334,0.0304714,-0.0256467,0.0304714,-0.0256467,0.0412896,-0.276726,0.0426875,-0.286786
27.921,6.22703,-0.271556,0.479805,0.0289187,-0.0252746,0.0289187,-0.0252746,0.0399017,-0.267931,0.0412896,-0.276726
27.96,6.22867,-0.270717,0.467481,0.0273894,-0.0249277,0.0273894,-0.0249277,0.0385335,-0.259267,0.0399017,-0.267931
28.02,6.23097,-0.269583,0.450413,0.0252503,-0.0244788,0.0252503,-0.0244788,0.0366209,-0.248036,0.0385335,-0.259267
28.062,6.23245,-0.268876,0.439385,0.0238777,-0.024208,0.0238777,-0.024208,0.0353744,-0.239342,0.0366209,-0.248036
28.101,6.2339,-0.2682,0.428573,0.0225303,-0.0239573,0.0225303,-0.0239573,0.0341483,-0.231704,0.0353744,-0.239342
28.14,6.2353,-0.267573,0.418233,0.021252,-0.0237312,0.021252,-0.0237312,0.0329825,-0.224348,0.0341483,-0.231704
28.2,6.23665,-0.266981,0.408282,0.0200113,-0.023526,0.0200113,-0.023526,0.0318421,-0.246372,0.0329825,-0.224348
28.236,6.23795,-0.266424,0.398571,0.0188212,-0.0233378,0.0188212,-0.0233378,0.0307811,-0.239527,0.0318421,-0.246372
28.278,6.23859,-0.266158,0.39393,0.0182409,-0.0232516,0.0182409,-0.0232516,0.0302409,-0.235607,0.0307811,-0.239527
28.32,6.23984,-0.265643,0.384389,0.0126186,-0.0220018,0.0126186,-0.0220018,0.0254029,-0.229168,0.0302409,-0.235607
28.776,6.24282,-0.264481,0.359262,-0.00433726,-0.0188108,-0.00433726,-0.0188108,0.0112503,1.61114,0,0
28.812,6.24282,-0.264482,0.359264,-0.00433619,-0.0188108,-0.00433619,-0.0188108,0.00815362,1.64526,0.0112503,1.61114
28.875,6.24296,-0.264428,0.36438,-0.00458346,-0.0187884,-0.00458346,-0.0187884,0.00787539,1.64434,0.00815362,1.64526
28.908,6.24338,-0.26426,0.399855,-0.00569414,-0.0186074,-0.00569414,-0.0186074,0.00750004,1.62296,0.00787539,1.64434
28.95,6.24374,-0.264099,0.446299,-0.006944,-0.0183133,-0.006944,-0.0183133,0.00722473,1.59526,0.00750004,1.62296
28.98,6.24406,-0.263937,0.491961,-0.00813276,-0.0179683,-0.00813276,-0.0179683,0.00698681,1.56795,0.00722473,1.59526
29.052,6.24436,-0.26377,0.536037,-0.00925698,-0.0175843,-0.00925698,-0.0175843,0.00676847,1.54154,0.00698681,1.56795
29.082,6.24463,-0.263602,0.57911,-0.0103245,-0.0171622,-0.0103245,-0.0171622,0.00657041,1.51572,0.00676847,1.54154
29.121,6.24487,-0.263435,0.621647,-0.0113396,-0.0167021,-0.0113396,-0.0167021,0.00639499,1.4902,0.00657041,1.51572
29.181,6.2451,-0.263262,0.663911,-0.0123215,-0.0162026,-0.0123215,-0.0162026,0.00623006,1.46482,0.00639499,1.4902
29.22,6.24541,-0.263,0.72708,-0.0137281,-0.0153803,-0.0137281,-0.0153803,0.00598302,1.42672,0.00623006,1.46482
29.25,6.24551,-0.262911,0.748106,-0.0141811,-0.015087,-0.0141811,-0.015087,0.00596406,1.41434,0.00598302,1.42672
29.289,6.2457,-0.262727,0.790138,-0.0150671,-0.0144725,-0.0150671,-0.0144725,0.00580441,1.38889,0.00596406,1.41434
29.34,6.24596,-0.262451,0.853159,-0.0163252,-0.0134832,-0.0163252,-0.0134832,0.00560642,1.35086,0.00580441,1.38889
29.376,6.24611,-0.262261,0.895165,-0.017124,-0.0127807,-0.017124,-0.0127807,0.00552526,1.32568,0.00560642,1.35086
29.412,6.24619,-0.262166,0.916167,-0.0175097,-0.012417,-0.0175097,-0.012417,0.0054989,1.31309,0.00552526,1.32568
29.442,6.24627,-0.262056,0.940192,-0.0179395,-0.0119912,-0.0179395,-0.0119912,0.00544132,1.29857,0.0054989,1.31309
29.442,6.24639,-0.261882,0.97917,-0.0186064,-0.0112789,-0.0186064,-0.0112789,0.00534724,1.27501,0.00544132,1.29857
29.442,6.24639,-0.261882,0.97917,-0.0186064,-0.0112789,-0.0186064,-0.0112789,0.00539216,1.27516,0.00534724,1.27501
29.442,6.24639,-0.261882,0.97917,-0.0186064,-0.0112789,-0.0186064,-0.0112789,0.00539046,1.27513,0.00539216,1.27516
29.442,6.24639,-0.261882,0.97917,-0.0186064,-0.0112789,-0.0186064,-0.0112789,0.00539067,1.27513,0.00539046,1.27513
29.442,6.24639,-0.261882,0.97917,-0.0186064,-0.0112789,-0.0186064,-0.0112789,0.00539067,1.27513,0.00539067,1.27513
29.442,6.24639,-0.261882,0.97917,-0.0186064,-0.0112789,-0.0186064,-0.0112789,0.00539067,1.27513,0.00539067,1.27513
29.442,6.24639,-0.261882,0.97917,-0.0186064,-0.0112789,-0.0186064,-0.0112789,0.00539067,1.27513,0.00539067,1.27513
29.442,6.24639,-0.261882,0.97917,-0.0186064,-0.0112789,-0.0186064,-0.0112789,0.00539067,1.27513,0.00539067,1.27513
29.442,6.24639,-0.261882,0.97917,-0.0186064,-0.0112789,-0.0186064,-0.0112789,0.00539067,1.27513,0.00539067,1.27513
29.442,6.24639,-0.261882,0.97917,-0.0186064,-0.0112789,-0.0186064,-0.0112789,0.00539067,1.27513,0.00539067,1.27513
29.442,6.24639,-0.261882,0.97917,-0.0186064,-0.0112789,-0.0186064,-0.0112789,0.00539067,1.27513,0.00539067,1.27513
29.442,6.24639,-0.261882,0.97917,-0.0186064,-0.0112789,-0.0186064,-0.0112789,0.00539067,1.27513,0.00539067,1.27513
29.442,6.24639,-0.261882,0.97917,-0.0186064,-0.0112789,-0.0186064,-0.0112789,0.00539067,1.27513,0.00539067,1.27513
29.442,6.24639,-0.261882,0.97917,-0.0186064,-0.0112789,-0.0186064,-0.0112789,0.00539067,1.27513,0.00539067,1.27513
29.442,6.24639,-0.261882,0.97917,-0.0186064,-0.0112789,-0.0186064,-0.0112789,0.00539067,1.27513,0.00539067,1.27513
29.442,6.24639,-0.261882,0.97917,-0.0186064,-0.0112789,-0.0186064,-0.0112789,0.00539067,1.27513,0.00539067,1.27513
29.442,6.24639,-0.261882,0.97917,-0.0186064,-0.0112789,-0.0186064,-0.0112789,0.00539067,1.27513,0.00539067,1.27513
29.442,6.24639,-0.261882,0.97917,-0.0186064,-0.0112789,-0.0186064,-0.0112789,0.00539067,1.27513,0.00539067,1.27513
29.442,6.24639,-0.261882,0.97917,-0.0186064,-0.0112789,-0.0186064,-0.0112789,0.00539067,1.27513,0.00539067,1.27513
29.442,6.24639,-0.261882,0.97917,-0.0186064,-0.0112789,-0.0186064,-0.0112789,0.00539067,1.27513,0.00539067,1.27513
29.442,6.24639,-0.261882,0.97917,-0.0186064,-0.0112789,-0.0186064,-0.0112789,0.00539067,1.27513,0.00539067,1.27513
29.442,6.24639,-0.261882,0.97917,-0.0186064,-0.0112789,-0.0186064,-0.0112789,0.00539067,1.27513,0.00539067,1.27513
29.442,6.24639,-0.261882,0.97917,-0.0186064,-0.0112789,-0.0186064,-0.0112789,0.00539067,1.27513,0.00539067,1.27513
29.442,6.24639,-0.261882,0.97917,-0.0186064,-0.0112789,-0.0186064,-0.0112789,0.00539067,1.27513,0.00539067,1.27513
29.442,6.24639,-0.261882,0.97917,-0.0186064,-0.0112789,-0.0186064,-0.0112789,0.00539067,1.27513,0.00539067,1.27513
29.442,6.24639,-0.261882,0.97917,-0.0186064,-0.0112789,-0.0186064,-0.0112789,0.00539067,1.27513,0.00539067,1.27513
29.442,6.24639,-0.261882,0.97917,-0.0186064,-0.0112789,-0.0186064,-0.0112789,0.00539067,1.27513,0.00539067,1.27513
29.442,6.24639,-0.261882,0.97917,-0.0186064,-0.0112789,-0.0186064,-0.0112789,0.00539067,1.27513,0.00539067,1.27513
29.442,6.24639,-0.261882,0.97917,-0.0186064,-0.0112789,-0.0186064,-0.0112789,0.00539067,1.27513,0.00539067,1.27513
29.442,6.24639,-0.261882,0.97917,-0.0186064,-0.0112789,-0.0186064,-0.0112789,0.00539067,1.27513,0.00539067,1.27513
29.442,6.24639,-0.261882,0.97917,-0.0186064,-0.0112789,-0.0186064,-0.0112789,0.00539067,1.27513,0.00539067,1.27513
29.442,6.24639,-0.261882,0.97917,-0.0186064,-0.0112789,-0.0186064,-0.0112789,0.00539067,1.27513,0.00539067,1.27513
29.442,6.24639,-0.261882,0.97917,-0.0186064,-0.0112789,-0.0186064,-0.0112789,0.00539067,1.27513,0.00539067,1.27513
29.442,6.24639,-0.261882,0.97917,-0.0186064,-0.0112789,-0.0186064,-0.0112789,0.00539067,1.27513,0.00539067,1.27513
29.442,6.24639,-0.261882,0.97917,-0.0186064,-0.0112789,-0.0186064,-0.0112789,0.00539067,1.27513,0.00539067,1.27513
29.442,6.24639,-0.261882,0.97917,-0.0186064,-0.0112789,-0.0186064,-0.0112789,0.00539067,1.27513,0.00539067,1.27513
29.442,6.24639,-0.261882,0.97917,-0.0186064,-0.0112789,-0.0186064,-0.0112789,0.00539067,1.27513,0.00539067,1.27513
29.442,6.24639,-0.261882,0.97917,-0.0186064,-0.0112789,-0.0186064,-0.0112789,0.00539067,1.27513,0.00539067,1.27513
29.442,6.24639,-0.261882,0.97917,-0.0186064,-0.0112789,-0.0186064,-0.0112789,0.00539067,1.27513,0.00539067,1.27513
29.442,6.24639,-0.261882,0.97917,-0.0186064,-0.0112789,-0.0186064,-0.0112789,0.00539067,1.27513,0.00539067,1.27513
29.442,6.24639,-0.261882,0.97917,-0.0186064,-0.0112789,-0.0186064,-0.0112789,0.00539067,1.27513,0.00539067,1.27513
29.442,6.24639,-0.261882,0.97917,-0.0186064,-0.0112789,-0.0186064,-0.0112789,0.00539067,1.27513,0.00539067,1.27513
29.442,6.24639,-0.261882,0.97917,-0.0186064,-0.0112789,-0.0186064,-0.0112789,0.00539067,1.27513,0.00539067,1.27513
