t0_command_sent,t1_movement_start,t2_goal_reached,current_time,x,y,yaw,V0_linear,V0_angular,Vdesired_linear,Vdesired_angular,current_linear,current_angular
1747997332.414,-1.000,-1.000,1747997332.431,0.000,-0.000,-0.000,0.000,-0.000,1.200,0.000,0.000,-0.000
1747997332.414,1747997332.452,-1.000,1747997332.452,0.009,0.000,0.000,0.000,-0.000,1.200,0.000,0.042,0.000
1747997332.414,1747997332.452,-1.000,1747997332.473,0.026,0.000,0.000,0.000,-0.000,1.200,0.000,0.126,0.000
1747997332.414,1747997332.452,-1.000,1747997332.495,0.052,0.000,0.000,0.000,-0.000,1.200,0.000,0.246,0.000
1747997332.414,1747997332.452,-1.000,1747997332.518,0.077,0.000,0.000,0.000,-0.000,1.200,0.000,0.366,0.000
1747997332.414,1747997332.452,-1.000,1747997332.558,0.102,0.000,0.000,0.000,-0.000,1.200,0.000,0.486,0.000
1747997332.414,1747997332.452,-1.000,1747997332.582,0.127,0.000,0.000,0.000,-0.000,1.200,0.000,0.606,0.000
1747997332.414,1747997332.452,-1.000,1747997332.602,0.152,0.000,0.000,0.000,-0.000,1.200,0.000,0.726,0.000
1747997332.414,1747997332.452,-1.000,1747997332.623,0.178,0.000,0.000,0.000,-0.000,1.200,0.000,0.846,0.000
1747997332.414,1747997332.452,-1.000,1747997332.647,0.203,0.000,0.000,0.000,-0.000,1.200,0.000,0.966,0.000
1747997332.414,1747997332.452,-1.000,1747997332.668,0.228,0.000,0.000,0.000,-0.000,1.200,0.000,1.086,0.000
1747997332.414,1747997332.452,-1.000,1747997332.688,0.253,0.000,0.000,0.000,-0.000,1.200,0.000,1.164,0.000
1747997332.414,1747997332.452,1747997332.709,1747997332.709,0.278,0.000,0.000,0.000,-0.000,1.200,0.000,1.200,0.000
1747997332.414,1747997332.452,1747997332.709,1747997332.731,0.304,0.000,0.000,0.000,-0.000,1.200,0.000,1.200,0.000
1747997332.414,1747997332.452,1747997332.709,1747997332.754,0.329,0.000,0.000,0.000,-0.000,1.200,0.000,1.200,0.000
1747997332.414,1747997332.452,1747997332.709,1747997332.775,0.354,0.000,0.000,0.000,-0.000,1.200,0.000,1.200,0.000
1747997332.414,1747997332.452,1747997332.709,1747997332.796,0.379,0.000,0.000,0.000,-0.000,1.200,0.000,1.200,0.000
1747997332.414,1747997332.452,1747997332.709,1747997332.817,0.404,0.000,0.000,0.000,-0.000,1.200,0.000,1.200,0.000
1747997332.414,1747997332.452,1747997332.709,1747997332.838,0.430,0.000,0.000,0.000,-0.000,1.200,0.000,1.200,0.000
1747997332.414,1747997332.452,1747997332.709,1747997332.859,0.455,0.000,0.000,0.000,-0.000,1.200,0.000,1.200,0.000
1747997332.414,1747997332.452,1747997332.709,1747997332.881,0.480,0.000,0.000,0.000,-0.000,1.200,0.000,1.200,0.000
1747997332.414,1747997332.452,1747997332.709,1747997332.902,0.505,0.000,0.000,0.000,-0.000,1.200,0.000,1.200,0.000
1747997332.414,1747997332.452,1747997332.709,1747997332.928,0.530,0.000,0.000,0.000,-0.000,1.200,0.000,1.200,0.000
1747997332.414,1747997332.452,1747997332.709,1747997332.950,0.556,0.000,0.000,0.000,-0.000,1.200,0.000,1.200,0.000
1747997332.414,1747997332.452,1747997332.709,1747997332.970,0.572,0.000,0.000,0.000,-0.000,1.200,0.000,1.158,0.000
1747997332.414,1747997332.452,1747997332.709,1747997332.992,0.580,0.000,0.000,0.000,-0.000,1.200,0.000,1.074,0.000
1747997332.414,1747997332.452,1747997332.709,1747997333.018,0.580,0.000,0.000,0.000,-0.000,1.200,0.000,0.954,-0.000
1747997332.414,1747997332.452,1747997332.709,1747997333.039,0.580,0.000,0.000,0.000,-0.000,1.200,0.000,0.834,-0.000
1747997332.414,1747997332.452,1747997332.709,1747997333.061,0.580,0.000,0.000,0.000,-0.000,1.200,0.000,0.714,-0.000
1747997332.414,1747997332.452,1747997332.709,1747997333.083,0.580,0.000,0.000,0.000,-0.000,1.200,0.000,0.594,-0.000
1747997332.414,1747997332.452,1747997332.709,1747997333.103,0.580,0.000,0.000,0.000,-0.000,1.200,0.000,0.474,-0.000
1747997332.414,1747997332.452,1747997332.709,1747997333.129,0.580,0.000,0.000,0.000,-0.000,1.200,0.000,0.354,-0.000
1747997332.414,1747997332.452,1747997332.709,1747997333.151,0.580,0.000,0.000,0.000,-0.000,1.200,0.000,0.234,-0.000
1747997332.414,1747997332.452,1747997332.709,1747997333.172,0.580,0.000,-0.000,0.000,-0.000,1.200,0.000,0.114,-0.000
1747997332.414,1747997332.452,1747997332.709,1747997333.194,0.580,0.000,-0.000,0.000,-0.000,1.200,0.000,0.036,-0.000
1747997332.414,1747997332.452,1747997332.709,1747997333.214,0.580,0.000,-0.000,0.000,-0.000,1.200,0.000,0.000,-0.000
1747997332.414,1747997332.452,1747997332.709,1747997333.237,0.580,0.000,-0.000,0.000,-0.000,1.200,0.000,0.000,-0.000
1747997332.414,1747997332.452,1747997332.709,1747997333.258,0.580,0.000,-0.000,0.000,-0.000,1.200,0.000,0.000,-0.000
1747997332.414,1747997332.452,1747997332.709,1747997333.280,0.580,0.000,-0.000,0.000,-0.000,1.200,0.000,0.000,-0.000
1747997332.414,1747997332.452,1747997332.709,1747997333.301,0.580,0.000,-0.000,0.000,-0.000,1.200,0.000,0.000,-0.000
1747997332.414,1747997332.452,1747997332.709,1747997333.322,0.580,0.000,-0.000,0.000,-0.000,1.200,0.000,0.000,-0.000
1747997332.414,1747997332.452,1747997332.709,1747997333.345,0.580,0.000,-0.000,0.000,-0.000,1.200,0.000,0.000,-0.000
1747997332.414,1747997332.452,1747997332.709,1747997333.366,0.580,0.000,-0.000,0.000,-0.000,1.200,0.000,0.000,-0.000
1747997332.414,1747997332.452,1747997332.709,1747997333.387,0.580,0.000,-0.000,0.000,-0.000,1.200,0.000,0.000,-0.000
1747997332.414,1747997332.452,1747997332.709,1747997333.408,0.580,0.000,-0.000,0.000,-0.000,1.200,0.000,0.000,-0.000
1747997332.414,1747997332.452,1747997332.709,1747997333.432,0.580,0.000,-0.000,0.000,-0.000,1.200,0.000,0.000,-0.000
1747997332.414,1747997332.452,1747997332.709,1747997333.453,0.580,0.000,-0.000,0.000,-0.000,1.200,0.000,0.000,-0.000
1747997332.414,1747997332.452,1747997332.709,1747997333.474,0.580,0.000,-0.000,0.000,-0.000,1.200,0.000,0.000,-0.000
1747997332.414,1747997332.452,1747997332.709,1747997333.496,0.580,0.000,-0.000,0.000,-0.000,1.200,0.000,0.000,-0.000
1747997332.414,1747997332.452,1747997332.709,1747997333.517,0.580,0.000,-0.000,0.000,-0.000,1.200,0.000,0.000,-0.000
1747997332.414,1747997332.452,1747997332.709,1747997333.539,0.580,0.000,-0.000,0.000,-0.000,1.200,0.000,0.000,-0.000
1747997332.414,1747997332.452,1747997332.709,1747997333.560,0.580,0.000,-0.000,0.000,-0.000,1.200,0.000,0.000,-0.000
1747997332.414,1747997332.452,1747997332.709,1747997333.580,0.580,0.000,-0.000,0.000,-0.000,1.200,0.000,0.000,-0.000
1747997332.414,1747997332.452,1747997332.709,1747997333.607,0.580,0.000,-0.000,0.000,-0.000,1.200,0.000,0.000,-0.000
1747997332.414,1747997332.452,1747997332.709,1747997333.628,0.580,0.000,-0.000,0.000,-0.000,1.200,0.000,0.000,-0.000
1747997332.414,1747997332.452,1747997332.709,1747997333.650,0.580,0.000,-0.000,0.000,-0.000,1.200,0.000,0.000,-0.000
1747997332.414,1747997332.452,1747997332.709,1747997333.672,0.580,0.000,-0.000,0.000,-0.000,1.200,0.000,0.000,-0.000
1747997332.414,1747997332.452,1747997332.709,1747997333.693,0.580,0.000,-0.000,0.000,-0.000,1.200,0.000,0.000,-0.000
1747997332.414,1747997332.452,1747997332.709,1747997333.719,0.580,0.000,-0.000,0.000,-0.000,1.200,0.000,0.000,-0.000
1747997332.414,1747997332.452,1747997332.709,1747997333.741,0.580,0.000,-0.000,0.000,-0.000,1.200,0.000,0.000,-0.000
1747997332.414,1747997332.452,1747997332.709,1747997333.762,0.580,0.000,-0.000,0.000,-0.000,1.200,0.000,0.000,-0.000
1747997332.414,1747997332.452,1747997332.709,1747997333.783,0.580,0.000,-0.000,0.000,-0.000,1.200,0.000,0.000,-0.000
1747997332.414,1747997332.452,1747997332.709,1747997333.804,0.580,0.000,-0.000,0.000,-0.000,1.200,0.000,0.000,-0.000
1747997332.414,1747997332.452,1747997332.709,1747997333.830,0.580,0.000,-0.000,0.000,-0.000,1.200,0.000,0.000,-0.000
1747997332.414,1747997332.452,1747997332.709,1747997333.851,0.580,0.000,-0.000,0.000,-0.000,1.200,0.000,0.000,-0.000
1747997332.414,1747997332.452,1747997332.709,1747997333.873,0.580,0.000,-0.000,0.000,-0.000,1.200,0.000,0.000,-0.000
1747997332.414,1747997332.452,1747997332.709,1747997333.894,0.580,0.000,-0.000,0.000,-0.000,1.200,0.000,0.000,-0.000
1747997332.414,1747997332.452,1747997332.709,1747997333.917,0.580,0.000,-0.000,0.000,-0.000,1.200,0.000,0.000,-0.000
1747997332.414,1747997332.452,1747997332.709,1747997333.938,0.580,0.000,-0.000,0.000,-0.000,1.200,0.000,0.000,-0.000
1747997332.414,1747997332.452,1747997332.709,1747997333.959,0.580,0.000,-0.000,0.000,-0.000,1.200,0.000,0.000,-0.000
1747997332.414,1747997332.452,1747997332.709,1747997333.981,0.580,0.000,-0.000,0.000,-0.000,1.200,0.000,0.000,-0.000
1747997332.414,1747997332.452,1747997332.709,1747997334.001,0.580,0.000,-0.000,0.000,-0.000,1.200,0.000,0.000,-0.000
1747997332.414,1747997332.452,1747997332.709,1747997334.025,0.580,0.000,-0.000,0.000,-0.000,1.200,0.000,0.000,-0.000
1747997332.414,1747997332.452,1747997332.709,1747997334.046,0.580,0.000,-0.000,0.000,-0.000,1.200,0.000,0.000,-0.000
1747997332.414,1747997332.452,1747997332.709,1747997334.067,0.580,0.000,-0.000,0.000,-0.000,1.200,0.000,0.000,-0.000
1747997332.414,1747997332.452,1747997332.709,1747997334.089,0.580,0.000,-0.000,0.000,-0.000,1.200,0.000,0.000,-0.000
1747997332.414,1747997332.452,1747997332.709,1747997334.110,0.580,0.000,-0.000,0.000,-0.000,1.200,0.000,0.000,-0.000
1747997332.414,1747997332.452,1747997332.709,1747997334.136,0.580,0.000,-0.000,0.000,-0.000,1.200,0.000,0.000,-0.000
1747997332.414,1747997332.452,1747997332.709,1747997334.157,0.580,0.000,-0.000,0.000,-0.000,1.200,0.000,0.000,-0.000
1747997332.414,1747997332.452,1747997332.709,1747997334.178,0.580,0.000,-0.000,0.000,-0.000,1.200,0.000,0.000,-0.000
1747997332.414,1747997332.452,1747997332.709,1747997334.200,0.580,0.000,-0.000,0.000,-0.000,1.200,0.000,0.000,-0.000
1747997332.414,1747997332.452,1747997332.709,1747997334.221,0.580,0.000,-0.000,0.000,-0.000,1.200,0.000,0.000,-0.000
1747997332.414,1747997332.452,1747997332.709,1747997334.242,0.580,0.000,-0.000,0.000,-0.000,1.200,0.000,0.000,-0.000
1747997332.414,1747997332.452,1747997332.709,1747997334.264,0.580,0.000,-0.000,0.000,-0.000,1.200,0.000,0.000,-0.000
1747997332.414,1747997332.452,1747997332.709,1747997334.284,0.580,0.000,-0.000,0.000,-0.000,1.200,0.000,0.000,-0.000
1747997332.414,1747997332.452,1747997332.709,1747997334.312,0.580,0.000,-0.000,0.000,-0.000,1.200,0.000,0.000,-0.000
1747997332.414,1747997332.452,1747997332.709,1747997334.333,0.580,0.000,-0.000,0.000,-0.000,1.200,0.000,0.000,-0.000
1747997332.414,1747997332.452,1747997332.709,1747997334.355,0.580,0.000,-0.000,0.000,-0.000,1.200,0.000,0.000,-0.000
1747997332.414,1747997332.452,1747997332.709,1747997334.376,0.580,0.000,-0.000,0.000,-0.000,1.200,0.000,0.000,-0.000
1747997332.414,1747997332.452,1747997332.709,1747997334.402,0.580,0.000,-0.000,0.000,-0.000,1.200,0.000,0.000,-0.000
1747997332.414,1747997332.452,1747997332.709,1747997334.423,0.580,0.000,-0.000,0.000,-0.000,1.200,0.000,0.000,-0.000
1747997332.414,1747997332.452,1747997332.709,1747997334.445,0.580,0.000,-0.000,0.000,-0.000,1.200,0.000,0.000,-0.000
1747997332.414,1747997332.452,1747997332.709,1747997334.466,0.580,0.000,-0.000,0.000,-0.000,1.200,0.000,0.000,-0.000
1747997332.414,1747997332.452,1747997332.709,1747997334.487,0.580,0.000,-0.000,0.000,-0.000,1.200,0.000,0.000,-0.000
1747997332.414,1747997332.452,1747997332.709,1747997334.515,0.580,0.000,-0.000,0.000,-0.000,1.200,0.000,0.000,-0.000
1747997332.414,1747997332.452,1747997332.709,1747997334.536,0.580,0.000,-0.000,0.000,-0.000,1.200,0.000,0.000,-0.000
1747997332.414,1747997332.452,1747997332.709,1747997334.558,0.580,0.000,-0.000,0.000,-0.000,1.200,0.000,0.000,-0.000
1747997332.414,1747997332.452,1747997332.709,1747997334.580,0.580,0.000,-0.000,0.000,-0.000,1.200,0.000,0.000,-0.000
1747997332.414,1747997332.452,1747997332.709,1747997334.601,0.580,0.000,-0.000,0.000,-0.000,1.200,0.000,0.000,-0.000
1747997332.414,1747997332.452,1747997332.709,1747997334.625,0.580,0.000,-0.000,0.000,-0.000,1.200,0.000,0.000,-0.000
1747997332.414,1747997332.452,1747997332.709,1747997334.646,0.580,0.000,-0.000,0.000,-0.000,1.200,0.000,0.000,-0.000
1747997332.414,1747997332.452,1747997332.709,1747997334.667,0.580,0.000,-0.000,0.000,-0.000,1.200,0.000,0.000,-0.000
1747997332.414,1747997332.452,1747997332.709,1747997334.689,0.580,0.000,-0.000,0.000,-0.000,1.200,0.000,0.000,-0.000
1747997332.414,1747997332.452,1747997332.709,1747997334.710,0.580,0.000,-0.000,0.000,-0.000,1.200,0.000,0.000,-0.000
1747997332.414,1747997332.452,1747997332.709,1747997334.733,0.580,0.000,-0.000,0.000,-0.000,1.200,0.000,0.000,-0.000
1747997332.414,1747997332.452,1747997332.709,1747997334.755,0.580,0.000,-0.000,0.000,-0.000,1.200,0.000,0.000,-0.000
1747997332.414,1747997332.452,1747997332.709,1747997334.776,0.580,0.000,-0.000,0.000,-0.000,1.200,0.000,0.000,-0.000
1747997332.414,1747997332.452,1747997332.709,1747997334.797,0.580,0.000,-0.000,0.000,-0.000,1.200,0.000,0.000,-0.000
1747997332.414,1747997332.452,1747997332.709,1747997334.821,0.580,0.000,-0.000,0.000,-0.000,1.200,0.000,0.000,-0.000
1747997332.414,1747997332.452,1747997332.709,1747997334.842,0.580,0.000,-0.000,0.000,-0.000,1.200,0.000,0.000,-0.000
1747997332.414,1747997332.452,1747997332.709,1747997334.863,0.580,0.000,-0.000,0.000,-0.000,1.200,0.000,0.000,-0.000
1747997332.414,1747997332.452,1747997332.709,1747997334.884,0.580,0.000,-0.000,0.000,-0.000,1.200,0.000,0.000,-0.000
1747997332.414,1747997332.452,1747997332.709,1747997334.906,0.580,0.000,-0.000,0.000,-0.000,1.200,0.000,0.000,-0.000
1747997332.414,1747997332.452,1747997332.709,1747997334.927,0.580,0.000,-0.000,0.000,-0.000,1.200,0.000,0.000,-0.000
1747997332.414,1747997332.452,1747997332.709,1747997334.949,0.580,0.000,-0.000,0.000,-0.000,1.200,0.000,0.000,-0.000
1747997332.414,1747997332.452,1747997332.709,1747997334.969,0.580,0.000,-0.000,0.000,-0.000,1.200,0.000,0.000,-0.000
1747997332.414,1747997332.452,1747997332.709,1747997334.997,0.580,0.000,-0.000,0.000,-0.000,1.200,0.000,0.000,-0.000
1747997332.414,1747997332.452,1747997332.709,1747997335.018,0.580,0.000,-0.000,0.000,-0.000,1.200,0.000,0.000,-0.000
1747997332.414,1747997332.452,1747997332.709,1747997335.039,0.580,0.000,-0.000,0.000,-0.000,1.200,0.000,0.000,-0.000
1747997332.414,1747997332.452,1747997332.709,1747997335.062,0.580,0.000,-0.000,0.000,-0.000,1.200,0.000,0.000,-0.000
1747997332.414,1747997332.452,1747997332.709,1747997335.083,0.580,0.000,-0.000,0.000,-0.000,1.200,0.000,0.000,-0.000
1747997332.414,1747997332.452,1747997332.709,1747997335.109,0.580,0.000,-0.000,0.000,-0.000,1.200,0.000,0.000,-0.000
1747997332.414,1747997332.452,1747997332.709,1747997335.131,0.580,0.000,-0.000,0.000,-0.000,1.200,0.000,0.000,-0.000
1747997332.414,1747997332.452,1747997332.709,1747997335.152,0.580,0.000,-0.000,0.000,-0.000,1.200,0.000,0.000,-0.000
1747997332.414,1747997332.452,1747997332.709,1747997335.173,0.580,0.000,-0.000,0.000,-0.000,1.200,0.000,0.000,-0.000
1747997332.414,1747997332.452,1747997332.709,1747997335.199,0.580,0.000,-0.000,0.000,-0.000,1.200,0.000,0.000,-0.000
1747997332.414,1747997332.452,1747997332.709,1747997335.221,0.580,0.000,-0.000,0.000,-0.000,1.200,0.000,0.000,-0.000
1747997332.414,1747997332.452,1747997332.709,1747997335.243,0.580,0.000,-0.000,0.000,-0.000,1.200,0.000,0.000,-0.000
1747997332.414,1747997332.452,1747997332.709,1747997335.263,0.580,0.000,-0.000,0.000,-0.000,1.200,0.000,0.000,-0.000
1747997332.414,1747997332.452,1747997332.709,1747997335.284,0.580,0.000,-0.000,0.000,-0.000,1.200,0.000,0.000,-0.000
1747997332.414,1747997332.452,1747997332.709,1747997335.309,0.580,0.000,-0.000,0.000,-0.000,1.200,0.000,0.000,-0.000
1747997332.414,1747997332.452,1747997332.709,1747997335.331,0.580,0.000,-0.000,0.000,-0.000,1.200,0.000,0.000,-0.000
1747997332.414,1747997332.452,1747997332.709,1747997335.352,0.580,0.000,-0.000,0.000,-0.000,1.200,0.000,0.000,-0.000
1747997332.414,1747997332.452,1747997332.709,1747997335.373,0.580,0.000,-0.000,0.000,-0.000,1.200,0.000,0.000,-0.000
1747997332.414,1747997332.452,1747997332.709,1747997335.394,0.580,0.000,-0.000,0.000,-0.000,1.200,0.000,0.000,-0.000
1747997332.414,1747997332.452,1747997332.709,1747997335.417,0.580,0.000,-0.000,0.000,-0.000,1.200,0.000,0.000,-0.000
1747997332.414,1747997332.452,1747997332.709,1747997335.439,0.580,0.000,-0.000,0.000,-0.000,1.200,0.000,0.000,-0.000
1747997332.414,1747997332.452,1747997332.709,1747997335.460,0.580,0.000,-0.000,0.000,-0.000,1.200,0.000,0.000,-0.000
1747997332.414,1747997332.452,1747997332.709,1747997335.482,0.580,0.000,-0.000,0.000,-0.000,1.200,0.000,0.000,-0.000
1747997332.414,1747997332.452,1747997332.709,1747997335.503,0.580,0.000,-0.000,0.000,-0.000,1.200,0.000,0.000,-0.000
1747997332.414,1747997332.452,1747997332.709,1747997335.526,0.580,0.000,-0.000,0.000,-0.000,1.200,0.000,0.000,-0.000
1747997332.414,1747997332.452,1747997332.709,1747997335.548,0.580,0.000,-0.000,0.000,-0.000,1.200,0.000,0.000,-0.000
1747997332.414,1747997332.452,1747997332.709,1747997335.568,0.580,0.000,-0.000,0.000,-0.000,1.200,0.000,0.000,-0.000
1747997332.414,1747997332.452,1747997332.709,1747997335.590,0.580,0.000,-0.000,0.000,-0.000,1.200,0.000,0.000,-0.000
1747997332.414,1747997332.452,1747997332.709,1747997335.611,0.580,0.000,-0.000,0.000,-0.000,1.200,0.000,0.000,-0.000
1747997332.414,1747997332.452,1747997332.709,1747997335.632,0.580,0.000,-0.000,0.000,-0.000,1.200,0.000,0.000,-0.000
1747997332.414,1747997332.452,1747997332.709,1747997335.653,0.580,0.000,-0.000,0.000,-0.000,1.200,0.000,0.000,-0.000
1747997332.414,1747997332.452,1747997332.709,1747997335.680,0.580,0.000,-0.000,0.000,-0.000,1.200,0.000,0.000,-0.000
1747997332.414,1747997332.452,1747997332.709,1747997335.700,0.580,0.000,-0.000,0.000,-0.000,1.200,0.000,0.000,-0.000
1747997332.414,1747997332.452,1747997332.709,1747997335.726,0.580,0.000,-0.000,0.000,-0.000,1.200,0.000,0.000,-0.000
1747997332.414,1747997332.452,1747997332.709,1747997335.750,0.580,0.000,-0.000,0.000,-0.000,1.200,0.000,0.000,-0.000
1747997332.414,1747997332.452,1747997332.709,1747997335.771,0.580,0.000,-0.000,0.000,-0.000,1.200,0.000,0.000,-0.000
1747997332.414,1747997332.452,1747997332.709,1747997335.796,0.580,0.000,-0.000,0.000,-0.000,1.200,0.000,0.000,-0.000
1747997332.414,1747997332.452,1747997332.709,1747997335.817,0.580,0.000,-0.000,0.000,-0.000,1.200,0.000,0.000,-0.000
1747997332.414,1747997332.452,1747997332.709,1747997335.839,0.580,0.000,-0.000,0.000,-0.000,1.200,0.000,0.000,-0.000
1747997332.414,1747997332.452,1747997332.709,1747997335.860,0.580,0.000,-0.000,0.000,-0.000,1.200,0.000,0.000,-0.000
1747997332.414,1747997332.452,1747997332.709,1747997335.881,0.580,0.000,-0.000,0.000,-0.000,1.200,0.000,0.000,-0.000
